owner,repository,stars,releases,created_at,url
Snailclimb,JavaGuide,154800,0,2018-05-07T13:27:00Z,https://github.com/Snailclimb/JavaGuide
krahets,hello-algo,125017,10,2022-11-04T11:08:34Z,https://github.com/krahets/hello-algo
GrowingGit,GitHub-Chinese-Top-Charts,107369,0,2019-09-05T03:01:56Z,https://github.com/GrowingGit/GitHub-Chinese-Top-Charts
iluwatar,java-design-patterns,93864,0,2014-08-09T16:45:18Z,https://github.com/iluwatar/java-design-patterns
macrozheng,mall,83355,3,2018-04-04T01:11:44Z,https://github.com/macrozheng/mall
spring-projects,spring-boot,80395,345,2012-10-19T15:02:57Z,https://github.com/spring-projects/spring-boot
doocs,advanced-java,78920,1,2018-10-06T11:38:30Z,https://github.com/doocs/advanced-java
MisterBooo,LeetCodeAnimation,76668,0,2018-12-06T08:01:22Z,https://github.com/MisterBooo/LeetCodeAnimation
elastic,elasticsearch,76491,241,2010-02-08T13:20:56Z,https://github.com/elastic/elasticsearch
NationalSecurityAgency,ghidra,66793,52,2019-03-01T03:27:48Z,https://github.com/NationalSecurityAgency/ghidra
TheAlgorithms,Java,65349,0,2016-07-16T10:21:02Z,https://github.com/TheAlgorithms/Java
kdn251,interviews,64925,0,2017-02-14T18:19:25Z,https://github.com/kdn251/interviews
spring-projects,spring-framework,59832,359,2010-12-08T04:04:45Z,https://github.com/spring-projects/spring-framework
termux,termux-app,53136,95,2015-10-23T09:42:46Z,https://github.com/termux/termux-app
google,guava,51514,57,2014-05-29T16:23:17Z,https://github.com/google/guava
dbeaver,dbeaver,49502,245,2015-10-21T08:26:28Z,https://github.com/dbeaver/dbeaver
ReactiveX,RxJava,48376,258,2013-01-08T20:11:48Z,https://github.com/ReactiveX/RxJava
skylot,jadx,48016,34,2013-03-18T17:08:21Z,https://github.com/skylot/jadx
jeecgboot,JeecgBoot,45789,70,2018-11-26T10:40:00Z,https://github.com/jeecgboot/JeecgBoot
apache,dubbo,41626,113,2012-06-19T07:56:02Z,https://github.com/apache/dubbo
PhilJay,MPAndroidChart,38227,44,2014-04-25T14:29:47Z,https://github.com/PhilJay/MPAndroidChart
halo-dev,halo,38219,254,2018-03-21T12:56:52Z,https://github.com/halo-dev/halo
TeamNewPipe,NewPipe,37767,141,2015-09-03T23:39:26Z,https://github.com/TeamNewPipe/NewPipe
eugenp,tutorials,37356,0,2013-04-29T18:26:36Z,https://github.com/eugenp/tutorials
alibaba,arthas,37230,69,2018-08-29T17:15:57Z,https://github.com/alibaba/arthas
YunaiV,ruoyi-vue-pro,36334,54,2021-01-24T03:18:25Z,https://github.com/YunaiV/ruoyi-vue-pro
ashishps1,awesome-system-design-resources,36095,0,2023-10-25T01:50:42Z,https://github.com/ashishps1/awesome-system-design-resources
geekxh,hello-algorithm,36062,0,2020-05-29T05:47:09Z,https://github.com/geekxh/hello-algorithm
doocs,leetcode,35866,21,2018-09-16T14:03:03Z,https://github.com/doocs/leetcode
airbnb,lottie-android,35596,63,2016-10-06T22:42:42Z,https://github.com/airbnb/lottie-android
bumptech,glide,35028,54,2013-07-08T22:52:33Z,https://github.com/bumptech/glide
netty,netty,34908,3,2010-11-09T09:22:21Z,https://github.com/netty/netty
SeleniumHQ,selenium,34120,115,2013-01-14T21:40:56Z,https://github.com/SeleniumHQ/selenium
xkcoding,spring-boot-demo,34109,0,2017-11-10T06:27:29Z,https://github.com/xkcoding/spring-boot-demo
zxing,zxing,33910,32,2011-10-12T14:07:27Z,https://github.com/zxing/zxing
keycloak,keycloak,33796,105,2013-07-02T13:38:51Z,https://github.com/keycloak/keycloak
alibaba,easyexcel,33758,14,2018-02-06T03:14:08Z,https://github.com/alibaba/easyexcel
Blankj,AndroidUtilCode,33696,117,2016-07-30T18:18:32Z,https://github.com/Blankj/AndroidUtilCode
alibaba,nacos,32813,93,2018-06-15T06:49:27Z,https://github.com/alibaba/nacos
binarywang,WxJava,32696,31,2016-01-06T08:24:05Z,https://github.com/binarywang/WxJava
apache,kafka,32343,0,2011-08-15T18:06:16Z,https://github.com/apache/kafka
conductor-oss,conductor,31612,44,2023-12-08T06:06:09Z,https://github.com/conductor-oss/conductor
ityouknow,spring-boot-examples,30623,0,2016-11-05T05:32:33Z,https://github.com/ityouknow/spring-boot-examples
chinabugotech,hutool,30309,157,2014-04-13T07:23:51Z,https://github.com/chinabugotech/hutool
xuxueli,xxl-job,30045,43,2015-11-28T12:59:34Z,https://github.com/xuxueli/xxl-job
apolloconfig,apollo,29751,43,2016-03-04T10:24:23Z,https://github.com/apolloconfig/apollo
alibaba,canal,29649,32,2013-01-13T10:59:52Z,https://github.com/alibaba/canal
yuliskov,SmartTube,29408,987,2020-07-28T12:53:52Z,https://github.com/yuliskov/SmartTube
alibaba,spring-cloud-alibaba,29090,51,2017-12-01T20:49:15Z,https://github.com/alibaba/spring-cloud-alibaba
wuyouzhuguli,SpringAll,29004,0,2018-05-02T02:48:44Z,https://github.com/wuyouzhuguli/SpringAll
DrKLO,Telegram,28901,95,2013-10-25T14:08:10Z,https://github.com/DrKLO/Telegram
alibaba,druid,28209,52,2011-11-03T05:12:51Z,https://github.com/alibaba/druid
lenve,vhr,28105,0,2018-01-04T08:57:51Z,https://github.com/lenve/vhr
Anuken,Mindustry,27170,184,2017-04-30T01:24:29Z,https://github.com/Anuken/Mindustry
crossoverJie,JCSprout,26980,0,2017-12-17T09:06:50Z,https://github.com/crossoverJie/JCSprout
kestra-io,kestra,26678,422,2019-08-24T13:56:15Z,https://github.com/kestra-io/kestra
qiurunze123,miaosha,26613,0,2018-09-14T04:36:24Z,https://github.com/qiurunze123/miaosha
OpenAPITools,openapi-generator,26080,79,2018-05-12T09:57:56Z,https://github.com/OpenAPITools/openapi-generator
apache,incubator-seata,25969,45,2018-12-28T08:37:22Z,https://github.com/apache/incubator-seata
apache,flink,25934,0,2014-06-07T07:00:10Z,https://github.com/apache/flink
alibaba,fastjson,25690,84,2011-11-03T06:58:52Z,https://github.com/alibaba/fastjson
hollischuang,toBeTopJavaer,25452,0,2018-10-25T09:54:54Z,https://github.com/hollischuang/toBeTopJavaer
JakeWharton,butterknife,25405,0,2013-03-05T08:18:59Z,https://github.com/JakeWharton/butterknife
CodePhiliaX,Chat2DB,25392,43,2023-06-20T14:05:26Z,https://github.com/CodePhiliaX/Chat2DB
bazelbuild,bazel,25308,251,2014-06-12T16:00:38Z,https://github.com/bazelbuild/bazel
jenkinsci,jenkins,25181,486,2010-11-22T21:21:23Z,https://github.com/jenkinsci/jenkins
scwang90,SmartRefreshLayout,25171,14,2017-06-02T09:52:50Z,https://github.com/scwang90/SmartRefreshLayout
libgdx,libgdx,24994,15,2012-08-10T19:34:38Z,https://github.com/libgdx/libgdx
apache,skywalking,24770,64,2015-11-07T03:30:36Z,https://github.com/apache/skywalking
proxyee-down-org,proxyee-down,24770,49,2017-10-25T10:07:27Z,https://github.com/proxyee-down-org/proxyee-down
greenrobot,EventBus,24741,7,2012-07-16T16:55:40Z,https://github.com/greenrobot/EventBus
Netflix,Hystrix,24460,79,2012-11-19T20:14:46Z,https://github.com/Netflix/Hystrix
redisson,redisson,24295,179,2014-01-11T14:06:25Z,https://github.com/redisson/redisson
google,gson,24290,12,2015-03-19T18:21:20Z,https://github.com/google/gson
iBotPeaches,Apktool,24229,28,2012-03-19T17:46:53Z,https://github.com/iBotPeaches/Apktool
dataease,dataease,23750,105,2021-02-02T04:10:21Z,https://github.com/dataease/dataease
EnterpriseQualityCoding,FizzBuzzEnterpriseEdition,23597,0,2012-11-24T00:14:41Z,https://github.com/EnterpriseQualityCoding/FizzBuzzEnterpriseEdition
LSPosed,LSPosed,23395,39,2020-12-12T08:39:37Z,https://github.com/LSPosed/LSPosed
ashishps1,awesome-low-level-design,23220,0,2023-11-17T10:15:12Z,https://github.com/ashishps1/awesome-low-level-design
doocs,source-code-hunter,23131,0,2019-10-28T01:35:10Z,https://github.com/doocs/source-code-hunter
alibaba,Sentinel,23102,26,2018-04-04T06:37:33Z,https://github.com/alibaba/Sentinel
openjdk,jdk,22755,0,2018-09-17T12:29:20Z,https://github.com/openjdk/jdk
kunal-kushwaha,DSA-Bootcamp-Java,22469,0,2021-07-30T12:23:25Z,https://github.com/kunal-kushwaha/DSA-Bootcamp-Java
apache,rocketmq,22403,24,2016-11-30T08:00:08Z,https://github.com/apache/rocketmq
elunez,eladmin,21939,1,2018-12-14T08:54:24Z,https://github.com/elunez/eladmin
google,ExoPlayer,21924,28,2014-06-13T21:19:18Z,https://github.com/google/ExoPlayer
oracle,graal,21546,32,2016-01-14T17:11:35Z,https://github.com/oracle/graal
thingsboard,thingsboard,21518,79,2016-12-01T09:33:30Z,https://github.com/thingsboard/thingsboard
CarGuo,GSYVideoPlayer,21428,65,2016-11-13T12:34:31Z,https://github.com/CarGuo/GSYVideoPlayer
brettwooldridge,HikariCP,21084,0,2013-10-08T05:43:03Z,https://github.com/brettwooldridge/HikariCP
apache,shardingsphere,20711,59,2016-01-18T12:49:26Z,https://github.com/apache/shardingsphere
didi,DoKit,20428,14,2018-08-14T10:32:07Z,https://github.com/didi/DoKit
mybatis,mybatis-3,20411,46,2013-02-14T19:03:32Z,https://github.com/mybatis/mybatis-3
linlinjava,litemall,20218,8,2018-03-22T16:42:30Z,https://github.com/linlinjava/litemall
ReactiveX,RxAndroid,20099,20,2014-08-19T03:46:38Z,https://github.com/ReactiveX/RxAndroid
yudaocode,SpringBoot-Labs,20077,0,2018-09-12T14:51:46Z,https://github.com/yudaocode/SpringBoot-Labs
JetBrains,intellij-community,19936,25,2011-09-30T13:33:05Z,https://github.com/JetBrains/intellij-community
dianping,cat,18967,3,2012-12-05T02:31:48Z,https://github.com/dianping/cat
lionsoul2014,ip2region,18911,22,2015-11-02T00:43:13Z,https://github.com/lionsoul2014/ip2region
Baseflow,PhotoView,18849,5,2012-07-17T16:39:00Z,https://github.com/Baseflow/PhotoView
antlr,antlr4,18815,31,2010-02-04T01:36:28Z,https://github.com/antlr/antlr4
YunaiV,yudao-cloud,18768,40,2019-05-02T16:06:49Z,https://github.com/YunaiV/yudao-cloud
dromara,Sa-Token,18738,39,2020-02-03T10:34:29Z,https://github.com/dromara/Sa-Token
williamfiset,Algorithms,18559,0,2017-03-18T02:50:46Z,https://github.com/williamfiset/Algorithms
Tencent,APIJSON,18404,112,2016-11-21T12:03:29Z,https://github.com/Tencent/APIJSON
LMAX-Exchange,disruptor,18284,14,2012-09-21T13:42:24Z,https://github.com/LMAX-Exchange/disruptor
forezp,SpringCloudLearning,17960,0,2017-04-08T10:06:56Z,https://github.com/forezp/SpringCloudLearning
Tencent,tinker,17726,60,2016-09-06T06:57:52Z,https://github.com/Tencent/tinker
ben-manes,caffeine,17589,72,2014-12-13T08:45:11Z,https://github.com/ben-manes/caffeine
infinilabs,analysis-ik,17437,1,2011-12-16T09:01:45Z,https://github.com/infinilabs/analysis-ik
justauth,JustAuth,17427,46,2019-01-31T09:42:20Z,https://github.com/justauth/JustAuth
openzipkin,zipkin,17423,99,2012-06-06T18:26:16Z,https://github.com/openzipkin/zipkin
baomidou,mybatis-plus,17344,40,2016-08-18T10:06:53Z,https://github.com/baomidou/mybatis-plus
gyoogle,tech-interview-for-developer,17262,0,2019-06-09T04:42:57Z,https://github.com/gyoogle/tech-interview-for-developer
material-components,material-components-android,17237,119,2016-12-05T16:11:29Z,https://github.com/material-components/material-components-android
alibaba,DataX,17166,7,2018-01-18T10:09:47Z,https://github.com/alibaba/DataX
facebook,fresco,17155,55,2015-03-02T09:58:04Z,https://github.com/facebook/fresco
nostra13,Android-Universal-Image-Loader,16964,0,2011-11-27T18:48:23Z,https://github.com/nostra13/Android-Universal-Image-Loader
heibaiying,BigData-Notes,16888,0,2019-03-10T01:40:01Z,https://github.com/heibaiying/BigData-Notes
questdb,questdb,16844,104,2014-04-28T23:29:15Z,https://github.com/questdb/questdb
winterbe,java8-tutorial,16761,0,2014-03-16T17:25:43Z,https://github.com/winterbe/java8-tutorial
Grasscutters,Grasscutter,16759,20,2022-04-17T12:43:46Z,https://github.com/Grasscutters/Grasscutter
shuzheng,zheng,16693,0,2016-10-04T10:07:06Z,https://github.com/shuzheng/zheng
prestodb,presto,16684,14,2012-08-09T01:03:37Z,https://github.com/prestodb/presto
JeffLi1993,springboot-learning-example,16592,0,2017-02-06T07:02:25Z,https://github.com/JeffLi1993/springboot-learning-example
neo4j,neo4j,16283,72,2012-11-12T08:46:15Z,https://github.com/neo4j/neo4j
ashishps1,awesome-leetcode-resources,16219,0,2023-10-25T01:48:19Z,https://github.com/ashishps1/awesome-leetcode-resources
android-hacker,VirtualXposed,15981,50,2017-12-01T09:00:58Z,https://github.com/android-hacker/VirtualXposed
dyc87112,SpringBoot-Learning,15786,0,2016-08-21T03:39:06Z,https://github.com/dyc87112/SpringBoot-Learning
quarkusio,quarkus,15590,467,2018-07-06T00:44:20Z,https://github.com/quarkusio/quarkus
android10,Android-CleanArchitecture,15550,0,2014-08-19T14:09:26Z,https://github.com/android10/Android-CleanArchitecture
apache,hadoop,15519,0,2014-08-28T07:00:08Z,https://github.com/apache/hadoop
Konloch,bytecode-viewer,15473,62,2014-10-14T10:26:46Z,https://github.com/Konloch/bytecode-viewer
mockito,mockito,15428,226,2012-10-13T20:27:12Z,https://github.com/mockito/mockito
apache,doris,15196,84,2017-08-10T12:13:30Z,https://github.com/apache/doris
apache,pulsar,15189,123,2016-06-28T07:00:03Z,https://github.com/apache/pulsar
java-decompiler,jd-gui,15058,18,2015-03-25T05:28:41Z,https://github.com/java-decompiler/jd-gui
zhisheng17,flink-learning,15054,0,2019-01-01T07:38:28Z,https://github.com/zhisheng17/flink-learning
supertokens,supertokens-core,15003,119,2020-01-05T13:30:52Z,https://github.com/supertokens/supertokens-core
zaproxy,zaproxy,14972,26,2015-06-03T16:55:01Z,https://github.com/zaproxy/zaproxy
cryptomator,cryptomator,14912,205,2014-02-02T00:43:47Z,https://github.com/cryptomator/cryptomator
theonedev,onedev,14849,469,2018-11-06T02:57:01Z,https://github.com/theonedev/onedev
elastic,logstash,14828,241,2010-11-18T01:31:50Z,https://github.com/elastic/logstash
eclipse-vertx,vert.x,14659,0,2011-06-17T14:54:55Z,https://github.com/eclipse-vertx/vert.x
arduino,Arduino,14562,37,2010-09-17T19:10:36Z,https://github.com/arduino/Arduino
hdodenhof,CircleImageView,14534,0,2014-01-17T16:44:46Z,https://github.com/hdodenhof/CircleImageView
Tencent,QMUI_Android,14507,35,2017-04-21T10:03:18Z,https://github.com/Tencent/QMUI_Android
alibaba,ARouter,14491,16,2016-12-14T01:27:49Z,https://github.com/alibaba/ARouter
GoogleContainerTools,jib,14367,176,2018-01-22T18:30:43Z,https://github.com/GoogleContainerTools/jib
languagetool-org,languagetool,14325,0,2013-08-08T16:37:22Z,https://github.com/languagetool-org/languagetool
DuGuQiuBai,Java,14229,0,2015-11-25T07:30:08Z,https://github.com/DuGuQiuBai/Java
deeplearning4j,deeplearning4j,14221,0,2013-11-27T02:03:28Z,https://github.com/deeplearning4j/deeplearning4j
apache,dolphinscheduler,14211,56,2019-03-01T16:39:25Z,https://github.com/apache/dolphinscheduler
kekingcn,kkFileView,14042,16,2017-12-12T11:41:08Z,https://github.com/kekingcn/kkFileView
Netflix,zuul,13999,66,2013-03-13T18:53:57Z,https://github.com/Netflix/zuul
janishar,mit-deep-learning-book-pdf,13995,3,2017-04-07T10:46:50Z,https://github.com/janishar/mit-deep-learning-book-pdf
apache,druid,13974,71,2012-10-23T19:08:07Z,https://github.com/apache/druid
xpipe-io,xpipe,13973,153,2023-01-27T02:25:38Z,https://github.com/xpipe-io/xpipe
sqshq,piggymetrics,13891,2,2015-03-29T17:56:31Z,https://github.com/sqshq/piggymetrics
orhanobut,logger,13875,16,2015-03-20T22:30:12Z,https://github.com/orhanobut/logger
opendataloader-project,opendataloader-pdf,13874,54,2025-05-13T05:48:02Z,https://github.com/opendataloader-project/opendataloader-pdf
pinpoint-apm,pinpoint,13821,63,2014-10-20T09:27:22Z,https://github.com/pinpoint-apm/pinpoint
seaswalker,spring-analysis,13761,0,2016-09-09T07:46:32Z,https://github.com/seaswalker/spring-analysis
JessYanCoding,AndroidAutoSize,13745,14,2018-08-17T09:04:19Z,https://github.com/JessYanCoding/AndroidAutoSize
lgvalle,Material-Animations,13710,0,2015-03-08T20:54:00Z,https://github.com/lgvalle/Material-Animations
LuckSiege,PictureSelector,13597,116,2017-01-04T07:47:39Z,https://github.com/LuckSiege/PictureSelector
tink-crypto,tink,13548,21,2014-06-06T16:21:09Z,https://github.com/tink-crypto/tink
Bigkoo,Android-PickerView,13465,0,2014-12-28T01:46:38Z,https://github.com/Bigkoo/Android-PickerView
projectlombok,lombok,13425,0,2009-06-08T19:46:41Z,https://github.com/projectlombok/lombok
macrozheng,mall-learning,13375,0,2019-04-12T13:20:31Z,https://github.com/macrozheng/mall-learning
pxb1988,dex2jar,13106,8,2015-03-16T09:13:07Z,https://github.com/pxb1988/dex2jar
metersphere,metersphere,13082,184,2020-02-03T02:06:12Z,https://github.com/metersphere/metersphere
youth5201314,banner,13040,0,2016-04-22T05:50:25Z,https://github.com/youth5201314/banner
alibaba,COLA,12920,11,2018-02-06T13:46:27Z,https://github.com/alibaba/COLA
macrozheng,mall-swarm,12906,3,2019-11-25T06:55:31Z,https://github.com/macrozheng/mall-swarm
plantuml,plantuml,12885,67,2010-11-04T15:55:50Z,https://github.com/plantuml/plantuml
microg,GmsCore,12875,45,2014-04-23T19:28:47Z,https://github.com/microg/GmsCore
codecentric,spring-boot-admin,12826,147,2014-07-25T11:39:13Z,https://github.com/codecentric/spring-boot-admin
Netflix,conductor,12782,319,2016-12-07T22:48:42Z,https://github.com/Netflix/conductor
apache,zookeeper,12751,0,2009-03-27T15:41:56Z,https://github.com/apache/zookeeper
google,guice,12735,19,2014-05-28T23:18:53Z,https://github.com/google/guice
opensearch-project,OpenSearch,12718,66,2021-01-29T22:10:00Z,https://github.com/opensearch-project/OpenSearch
trinodb,trino,12705,4,2019-01-19T06:38:14Z,https://github.com/trinodb/trino
Netflix,eureka,12698,152,2012-07-26T22:23:07Z,https://github.com/Netflix/eureka
facebook,stetho,12693,13,2015-01-22T22:34:10Z,https://github.com/facebook/stetho
greenrobot,greenDAO,12616,8,2011-10-22T16:15:14Z,https://github.com/greenrobot/greenDAO
debezium,debezium,12598,0,2016-01-22T20:17:05Z,https://github.com/debezium/debezium
zhihu,Matisse,12551,15,2017-04-13T01:31:05Z,https://github.com/zhihu/Matisse
LawnchairLauncher,lawnchair,12548,31,2017-03-03T13:12:58Z,https://github.com/LawnchairLauncher/lawnchair
daimajia,AndroidViewAnimations,12464,9,2014-06-23T03:53:13Z,https://github.com/daimajia/AndroidViewAnimations
daimajia,AndroidSwipeLayout,12380,18,2014-08-25T04:09:33Z,https://github.com/daimajia/AndroidSwipeLayout
pagehelper-org,Mybatis-PageHelper,12374,15,2014-06-09T15:32:30Z,https://github.com/pagehelper-org/Mybatis-PageHelper
amitshekhariitbhu,android-interview-questions,12305,0,2017-07-09T18:47:24Z,https://github.com/amitshekhariitbhu/android-interview-questions
redis,jedis,12302,121,2010-06-11T13:04:43Z,https://github.com/redis/jedis
beemdevelopment,Aegis,12254,73,2016-08-15T19:10:31Z,https://github.com/beemdevelopment/Aegis
Team-xManager,xManager,12191,51,2021-02-08T11:31:10Z,https://github.com/Team-xManager/xManager
PaperMC,Paper,12145,0,2016-01-22T05:40:19Z,https://github.com/PaperMC/Paper
Yalantis,uCrop,12099,20,2016-01-05T13:41:06Z,https://github.com/Yalantis/uCrop
provectus,kafka-ui,12010,25,2019-11-26T15:55:55Z,https://github.com/provectus/kafka-ui
grpc,grpc-java,11997,189,2014-12-08T19:00:00Z,https://github.com/grpc/grpc-java
Tencent,matrix,11998,16,2018-12-11T07:08:02Z,https://github.com/Tencent/matrix
Tencent,VasSonic,11874,10,2017-08-01T08:35:13Z,https://github.com/Tencent/VasSonic
OpenRefine,OpenRefine,11799,76,2012-10-15T02:22:48Z,https://github.com/OpenRefine/OpenRefine
datahub-project,datahub,11776,135,2015-11-18T05:47:40Z,https://github.com/datahub-project/datahub
code4craft,webmagic,11696,33,2013-04-23T12:57:36Z,https://github.com/code4craft/webmagic
frank-lam,fullstack-tutorial,11696,0,2018-04-13T01:50:10Z,https://github.com/frank-lam/fullstack-tutorial
jd-opensource,joyagent-jdgenie,11621,1,2025-07-16T02:59:53Z,https://github.com/jd-opensource/joyagent-jdgenie
newbee-ltd,newbee-mall,11555,0,2019-09-21T03:56:04Z,https://github.com/newbee-ltd/newbee-mall
StarRocks,starrocks,11550,180,2021-09-04T02:29:35Z,https://github.com/StarRocks/starrocks
langchain4j,langchain4j,11534,62,2023-06-20T15:30:29Z,https://github.com/langchain4j/langchain4j
realm,realm-java,11485,0,2012-04-20T09:18:42Z,https://github.com/realm/realm-java
careercup,CtCI-6th-Edition,11469,0,2015-07-02T06:28:46Z,https://github.com/careercup/CtCI-6th-Edition
gyf-dev,ImmersionBar,11463,0,2017-04-19T05:10:09Z,https://github.com/gyf-dev/ImmersionBar
jhy,jsoup,11358,21,2009-12-19T01:29:58Z,https://github.com/jhy/jsoup
mission-peace,interview,11328,0,2014-07-20T21:27:31Z,https://github.com/mission-peace/interview
apereo,cas,11325,316,2011-09-09T01:36:42Z,https://github.com/apereo/cas
ssssssss-team,spider-flow,11322,2,2020-03-27T11:07:15Z,https://github.com/ssssssss-team/spider-flow
permissions-dispatcher,PermissionsDispatcher,11192,40,2015-08-15T21:41:05Z,https://github.com/permissions-dispatcher/PermissionsDispatcher
apple,pkl,11177,21,2024-01-19T17:28:45Z,https://github.com/apple/pkl
daniulive,SmarterStreaming,11170,0,2016-03-26T14:46:02Z,https://github.com/daniulive/SmarterStreaming
lingochamp,FileDownloader,11125,65,2015-12-22T11:17:16Z,https://github.com/lingochamp/FileDownloader
H07000223,FlycoTabLayout,11113,4,2015-11-09T01:53:19Z,https://github.com/H07000223/FlycoTabLayout
jwtk,jjwt,11055,9,2014-09-13T01:06:24Z,https://github.com/jwtk/jjwt
jfeinstein10,SlidingMenu,11022,0,2012-06-30T05:14:23Z,https://github.com/jfeinstein10/SlidingMenu
androidannotations,androidannotations,11001,0,2012-01-06T08:48:03Z,https://github.com/androidannotations/androidannotations
asLody,VirtualApp,10960,0,2016-07-06T13:25:23Z,https://github.com/asLody/VirtualApp
square,javapoet,10857,0,2013-02-01T16:56:30Z,https://github.com/square/javapoet
clojure,clojure,10835,0,2010-06-29T20:03:33Z,https://github.com/clojure/clojure
aosp-mirror,platform_frameworks_base,10824,0,2008-10-21T18:20:37Z,https://github.com/aosp-mirror/platform_frameworks_base
TooTallNate,Java-WebSocket,10796,19,2010-01-20T23:33:04Z,https://github.com/TooTallNate/Java-WebSocket
alibaba,vlayout,10759,34,2017-02-27T08:11:47Z,https://github.com/alibaba/vlayout
zfile-dev,zfile,10727,67,2019-08-19T13:57:56Z,https://github.com/zfile-dev/zfile
JingMatrix,Vector,10626,5,2023-07-20T18:03:30Z,https://github.com/JingMatrix/Vector
resilience4j,resilience4j,10621,36,2015-06-03T09:21:01Z,https://github.com/resilience4j/resilience4j
android-async-http,android-async-http,10610,3,2011-02-20T03:25:07Z,https://github.com/android-async-http/android-async-http
jeasonlzy,okhttp-OkGo,10588,14,2016-01-15T10:35:24Z,https://github.com/jeasonlzy/okhttp-OkGo
google,auto,10554,67,2013-05-22T21:41:56Z,https://github.com/google/auto
Activiti,Activiti,10525,1000,2012-09-13T11:34:43Z,https://github.com/Activiti/Activiti
lipangit,JiaoZiVideoPlayer,10500,78,2016-02-06T11:04:24Z,https://github.com/lipangit/JiaoZiVideoPlayer
signalapp,Signal-Server,10483,0,2013-12-09T07:10:36Z,https://github.com/signalapp/Signal-Server
tbruyelle,RxPermissions,10437,11,2015-09-29T13:55:09Z,https://github.com/tbruyelle/RxPermissions
SonarSource,sonarqube,10420,70,2011-01-05T11:05:17Z,https://github.com/SonarSource/sonarqube
awsdocs,aws-doc-sdk-examples,10389,0,2016-08-18T19:06:57Z,https://github.com/awsdocs/aws-doc-sdk-examples
iflytek,astron-agent,10368,13,2025-09-19T08:46:01Z,https://github.com/iflytek/astron-agent
JessYanCoding,MVPArms,10261,25,2016-08-06T08:49:56Z,https://github.com/JessYanCoding/MVPArms
ZCShou,GoGoGo,10225,8,2021-12-03T06:59:39Z,https://github.com/ZCShou/GoGoGo
JakeWharton,ViewPagerIndicator,10081,0,2011-08-04T17:13:44Z,https://github.com/JakeWharton/ViewPagerIndicator
stanfordnlp,CoreNLP,10063,19,2013-06-27T21:13:49Z,https://github.com/stanfordnlp/CoreNLP
happydog-intj,JsBridge,9927,0,2015-02-26T12:10:58Z,https://github.com/happydog-intj/JsBridge
xuchengsheng,spring-reading,9921,0,2023-09-15T06:42:44Z,https://github.com/xuchengsheng/spring-reading
wasabeef,glide-transformations,9905,0,2015-01-09T10:33:29Z,https://github.com/wasabeef/glide-transformations
googlesamples,easypermissions,9893,12,2015-12-22T18:05:53Z,https://github.com/googlesamples/easypermissions
paascloud,paascloud-master,9879,0,2018-03-17T05:40:43Z,https://github.com/paascloud/paascloud-master
hackware1993,MagicIndicator,9809,12,2016-06-26T08:20:43Z,https://github.com/hackware1993/MagicIndicator
OpenFeign,feign,9783,49,2013-06-26T23:28:16Z,https://github.com/OpenFeign/feign
HarlonWang,AVLoadingIndicatorView,9773,1,2015-10-24T20:18:33Z,https://github.com/HarlonWang/AVLoadingIndicatorView
lihengming,spring-boot-api-project-seed,9714,4,2017-06-23T10:06:30Z,https://github.com/lihengming/spring-boot-api-project-seed
spinnaker,spinnaker,9712,30,2014-07-02T19:02:36Z,https://github.com/spinnaker/spinnaker
YoKeyword,Fragmentation,9703,30,2016-02-23T08:54:55Z,https://github.com/YoKeyword/Fragmentation
apache,cassandra,9688,0,2009-05-21T02:10:09Z,https://github.com/apache/cassandra
AutoMQ,automq,9679,82,2023-08-17T07:50:13Z,https://github.com/AutoMQ/automq
flyway,flyway,9674,292,2012-12-14T18:43:22Z,https://github.com/flyway/flyway
perwendel,spark,9662,0,2011-05-05T11:52:05Z,https://github.com/perwendel/spark
koral--,android-gif-drawable,9651,63,2013-01-30T01:37:46Z,https://github.com/koral--/android-gif-drawable
react-native-camera,react-native-camera,9641,144,2015-04-01T00:54:40Z,https://github.com/react-native-camera/react-native-camera
ksoichiro,Android-ObservableScrollView,9621,0,2014-11-08T14:45:20Z,https://github.com/ksoichiro/Android-ObservableScrollView
bilibili,DanmakuFlameMaster,9611,5,2013-08-11T12:18:50Z,https://github.com/bilibili/DanmakuFlameMaster
seven332,EhViewer,9568,97,2014-05-14T12:03:52Z,https://github.com/seven332/EhViewer
MyCATApache,Mycat-Server,9543,7,2014-12-04T02:46:54Z,https://github.com/MyCATApache/Mycat-Server
liaohuqiu,android-Ultra-Pull-To-Refresh,9527,8,2014-11-13T03:13:10Z,https://github.com/liaohuqiu/android-Ultra-Pull-To-Refresh
spring-projects,spring-security,9494,249,2012-01-10T21:50:57Z,https://github.com/spring-projects/spring-security
crossoverJie,cim,9488,9,2018-05-20T15:55:56Z,https://github.com/crossoverJie/cim
umano,AndroidSlidingUpPanel,9474,8,2013-05-31T18:33:53Z,https://github.com/umano/AndroidSlidingUpPanel
Justson,AgentWeb,9412,21,2017-05-12T07:45:56Z,https://github.com/Justson/AgentWeb
json-path,JsonPath,9401,12,2011-01-24T13:19:19Z,https://github.com/json-path/JsonPath
pockethub,PocketHub,9375,1,2011-09-08T16:52:50Z,https://github.com/pockethub/PocketHub
huanghaibin-dev,CalendarView,9374,1,2017-03-11T07:16:09Z,https://github.com/huanghaibin-dev/CalendarView
GcsSloop,AndroidNote,9338,0,2016-01-04T23:51:36Z,https://github.com/GcsSloop/AndroidNote
apache,jmeter,9308,10,2010-05-26T23:38:07Z,https://github.com/apache/jmeter
android,testing-samples,9293,0,2014-10-11T03:51:27Z,https://github.com/android/testing-samples
apache,seatunnel,9232,53,2017-08-05T09:14:47Z,https://github.com/apache/seatunnel
flowable,flowable-engine,9174,29,2016-10-13T07:21:43Z,https://github.com/flowable/flowable-engine
cats-oss,android-gpuimage,9159,0,2012-10-04T08:11:58Z,https://github.com/cats-oss/android-gpuimage
alibaba,spring-ai-alibaba,9155,18,2024-09-09T01:35:50Z,https://github.com/alibaba/spring-ai-alibaba
HMCL-dev,HMCL,9066,323,2015-06-22T08:06:03Z,https://github.com/HMCL-dev/HMCL
didi,VirtualAPK,9064,4,2017-06-29T07:25:05Z,https://github.com/didi/VirtualAPK
LSPosed,LSPatch,8960,9,2021-03-01T19:38:36Z,https://github.com/LSPosed/LSPatch
KunMinX,Jetpack-MVVM-Best-Practice,8951,0,2019-10-31T05:21:01Z,https://github.com/KunMinX/Jetpack-MVVM-Best-Practice
navasmdc,MaterialDesignLibrary,8942,3,2014-09-30T07:37:17Z,https://github.com/navasmdc/MaterialDesignLibrary
Freelander,Android_Data,8917,0,2015-04-04T01:37:44Z,https://github.com/Freelander/Android_Data
java-native-access,jna,8913,0,2011-04-29T13:30:29Z,https://github.com/java-native-access/jna
checkstyle,checkstyle,8912,183,2013-08-31T02:05:05Z,https://github.com/checkstyle/checkstyle
PojavLauncherTeam,PojavLauncher,8837,126,2020-03-11T03:22:54Z,https://github.com/PojavLauncherTeam/PojavLauncher
frohoff,ysoserial,8836,1,2015-01-28T07:13:55Z,https://github.com/frohoff/ysoserial
karatelabs,karate,8833,59,2017-02-07T15:59:17Z,https://github.com/karatelabs/karate
apache,shenyu,8793,14,2018-07-11T08:17:45Z,https://github.com/apache/shenyu
cabaletta,baritone,8791,85,2018-08-01T15:34:21Z,https://github.com/cabaletta/baritone
nathanmarz,storm,8788,0,2011-09-17T07:55:13Z,https://github.com/nathanmarz/storm
laobie,StatusBarUtil,8770,0,2016-02-15T03:06:06Z,https://github.com/laobie/StatusBarUtil
Blankj,awesome-java-leetcode,8720,0,2017-04-17T15:51:41Z,https://github.com/Blankj/awesome-java-leetcode
apache,iceberg,8708,32,2018-11-19T16:26:46Z,https://github.com/apache/iceberg
chrisbanes,Android-PullToRefresh,8663,0,2011-11-29T09:59:56Z,https://github.com/chrisbanes/Android-PullToRefresh
ybq,Android-SpinKit,8651,0,2016-03-20T08:40:51Z,https://github.com/ybq/Android-SpinKit
amitshekhariitbhu,Android-Debug-Database,8649,14,2016-11-16T14:20:24Z,https://github.com/amitshekhariitbhu/Android-Debug-Database
shwenzhang,AndResGuard,8634,4,2015-10-11T11:48:06Z,https://github.com/shwenzhang/AndResGuard
react-native-image-picker,react-native-image-picker,8633,142,2015-06-08T20:25:31Z,https://github.com/react-native-image-picker/react-native-image-picker
testcontainers,testcontainers-java,8622,91,2015-04-12T12:44:59Z,https://github.com/testcontainers/testcontainers-java
dropwizard,dropwizard,8593,192,2011-01-19T19:52:29Z,https://github.com/dropwizard/dropwizard
aeron-io,aeron,8571,139,2014-02-07T17:16:58Z,https://github.com/aeron-io/aeron
airbnb,epoxy,8567,78,2016-08-08T23:05:11Z,https://github.com/airbnb/epoxy
google,tsunami-security-scanner,8561,1,2020-06-03T16:20:00Z,https://github.com/google/tsunami-security-scanner
facebook,buck,8555,57,2013-04-17T18:12:18Z,https://github.com/facebook/buck
junit-team,junit4,8546,13,2009-01-13T03:41:26Z,https://github.com/junit-team/junit4
apache,beam,8545,57,2016-02-02T08:00:06Z,https://github.com/apache/beam
chrisjenx,Calligraphy,8540,4,2013-12-20T02:35:45Z,https://github.com/chrisjenx/Calligraphy
wildfirechat,im-server,8476,115,2019-01-23T15:21:28Z,https://github.com/wildfirechat/im-server
spring-projects,spring-ai,8466,19,2023-06-27T18:57:29Z,https://github.com/spring-projects/spring-ai
DImuthuUpe,AndroidPdfViewer,8460,0,2016-06-02T20:21:21Z,https://github.com/DImuthuUpe/AndroidPdfViewer
hs-web,hsweb-framework,8403,32,2016-01-18T03:51:39Z,https://github.com/hs-web/hsweb-framework
roughike,BottomBar,8378,4,2016-03-16T01:31:05Z,https://github.com/roughike/BottomBar
pentaho,pentaho-kettle,8330,1,2013-10-08T18:27:11Z,https://github.com/pentaho/pentaho-kettle
bytedeco,javacv,8304,14,2014-04-21T13:50:26Z,https://github.com/bytedeco/javacv
alibaba,transmittable-thread-local,8284,58,2013-10-13T08:48:33Z,https://github.com/alibaba/transmittable-thread-local
LaurieWired,GhidraMCP,8272,5,2025-03-23T05:36:55Z,https://github.com/LaurieWired/GhidraMCP
krahets,LeetCode-Book,8225,0,2021-12-17T14:16:02Z,https://github.com/krahets/LeetCode-Book
apache,shardingsphere-elasticjob,8220,31,2015-09-11T11:28:52Z,https://github.com/apache/shardingsphere-elasticjob
aritraroy,UltimateAndroidReference,8186,0,2017-04-10T07:28:27Z,https://github.com/aritraroy/UltimateAndroidReference
alibaba,atlas,8159,7,2017-02-28T06:31:43Z,https://github.com/alibaba/atlas
apache,tomcat,8136,0,2011-10-01T07:00:19Z,https://github.com/apache/tomcat
alibaba,otter,8131,10,2013-08-09T09:31:22Z,https://github.com/alibaba/otter
florent37,MaterialViewPager,8102,11,2015-04-24T17:53:15Z,https://github.com/florent37/MaterialViewPager
guolindev,LitePal,8079,0,2013-02-20T03:20:07Z,https://github.com/guolindev/LitePal
junixapp,XPopup,8024,221,2018-12-07T06:16:48Z,https://github.com/junixapp/XPopup
davemorrissey,subsampling-scale-image-view,8007,21,2013-08-26T16:45:25Z,https://github.com/davemorrissey/subsampling-scale-image-view
Graylog2,graylog2-server,8002,0,2010-05-17T21:27:02Z,https://github.com/Graylog2/graylog2-server
gunnarmorling,1brc,7995,0,2023-12-28T09:13:24Z,https://github.com/gunnarmorling/1brc
Netflix,SimianArmy,7980,4,2012-07-06T22:00:05Z,https://github.com/Netflix/SimianArmy
JakeWharton,hugo,7910,0,2013-11-25T09:16:40Z,https://github.com/JakeWharton/hugo
jeecgboot,jimureport,7904,33,2019-12-05T12:25:59Z,https://github.com/jeecgboot/jimureport
exadel-inc,CompreFace,7872,11,2020-07-06T08:29:43Z,https://github.com/exadel-inc/CompreFace
dropwizard,metrics,7849,142,2010-02-26T19:44:42Z,https://github.com/dropwizard/metrics
HannahMitt,HomeMirror,7828,0,2015-08-23T03:20:08Z,https://github.com/HannahMitt/HomeMirror
AntennaPod,AntennaPod,7794,65,2012-07-31T10:25:08Z,https://github.com/AntennaPod/AntennaPod
MuntashirAkon,AppManager,7781,76,2020-05-30T04:08:56Z,https://github.com/MuntashirAkon/AppManager
ChrisRM,material-theme-jetbrains,7763,17,2015-09-23T07:15:04Z,https://github.com/ChrisRM/material-theme-jetbrains
Tencent,Shadow,7749,5,2019-06-13T10:50:27Z,https://github.com/Tencent/Shadow
FongMi,TV,7722,0,2022-06-22T09:10:23Z,https://github.com/FongMi/TV
PowerJob,PowerJob,7720,51,2020-03-16T09:19:55Z,https://github.com/PowerJob/PowerJob
lecho,hellocharts-android,7710,14,2014-10-12T09:12:37Z,https://github.com/lecho/hellocharts-android
goldze,MVVMHabit,7708,3,2017-07-21T10:38:40Z,https://github.com/goldze/MVVMHabit
trello-archive,RxLifecycle,7668,22,2015-07-20T13:32:23Z,https://github.com/trello-archive/RxLifecycle
vipshop,vjtools,7650,9,2018-05-29T09:07:08Z,https://github.com/vipshop/vjtools
mapstruct,mapstruct,7639,36,2012-05-28T12:42:42Z,https://github.com/mapstruct/mapstruct
gedoor,MyBookshelf,7625,165,2018-06-12T03:48:07Z,https://github.com/gedoor/MyBookshelf
google,android-classyshark,7589,17,2015-10-12T13:40:48Z,https://github.com/google/android-classyshark
MinecraftForge,MinecraftForge,7577,0,2012-01-30T01:35:01Z,https://github.com/MinecraftForge/MinecraftForge
koush,AndroidAsync,7551,0,2012-08-24T07:27:04Z,https://github.com/koush/AndroidAsync
Genymobile,gnirehtet,7534,12,2017-02-09T16:01:13Z,https://github.com/Genymobile/gnirehtet
kevin-wayne,algs4,7525,0,2015-08-31T09:28:49Z,https://github.com/kevin-wayne/algs4
swagger-api,swagger-core,7523,131,2011-07-05T23:44:11Z,https://github.com/swagger-api/swagger-core
kaushikgopal,RxJava-Android-Samples,7523,0,2014-07-23T05:13:52Z,https://github.com/kaushikgopal/RxJava-Android-Samples
dependency-check,DependencyCheck,7489,91,2012-09-03T20:43:30Z,https://github.com/dependency-check/DependencyCheck
yuanguangxin,LeetCode,7487,0,2020-01-11T01:02:02Z,https://github.com/yuanguangxin/LeetCode
lenve,VBlog,7432,0,2017-12-26T11:01:55Z,https://github.com/lenve/VBlog
enso-org,enso,7430,723,2016-12-16T17:23:37Z,https://github.com/enso-org/enso
dyc87112,SpringCloud-Learning,7392,0,2016-08-21T03:39:52Z,https://github.com/dyc87112/SpringCloud-Learning
abel533,Mapper,7388,11,2014-11-21T11:02:10Z,https://github.com/abel533/Mapper
gocd,gocd,7388,87,2013-12-13T05:26:16Z,https://github.com/gocd/gocd
Qihoo360,RePlugin,7348,19,2017-06-08T09:39:09Z,https://github.com/Qihoo360/RePlugin
leolin310148,ShortcutBadger,7338,0,2013-11-15T12:51:52Z,https://github.com/leolin310148/ShortcutBadger
square,dagger,7302,0,2012-08-02T23:25:32Z,https://github.com/square/dagger
Bearded-Hen,Android-Bootstrap,7249,5,2013-11-01T15:36:17Z,https://github.com/Bearded-Hen/Android-Bootstrap
zhongyi-tong,WeChatLuckyMoney,7241,20,2015-09-30T16:11:20Z,https://github.com/zhongyi-tong/WeChatLuckyMoney
Exrick,xmall,7238,0,2017-07-28T01:49:49Z,https://github.com/Exrick/xmall
crazycodeboy,TakePhoto,7236,15,2015-08-04T02:05:32Z,https://github.com/crazycodeboy/TakePhoto
pedant,sweet-alert-dialog,7227,2,2014-10-19T09:24:09Z,https://github.com/pedant/sweet-alert-dialog
NanoHttpd,nanohttpd,7212,3,2012-08-10T21:52:42Z,https://github.com/NanoHttpd/nanohttpd
wiremock,wiremock,7197,52,2011-10-09T20:27:24Z,https://github.com/wiremock/wiremock
cymcsg,UltimateRecyclerView,7191,9,2015-01-28T02:27:45Z,https://github.com/cymcsg/UltimateRecyclerView
Alluxio,alluxio,7183,61,2012-12-21T17:43:46Z,https://github.com/Alluxio/alluxio
didi,KnowStreaming,7176,23,2020-03-19T05:13:51Z,https://github.com/didi/KnowStreaming
apache,hertzbeat,7159,7,2022-02-04T14:48:56Z,https://github.com/apache/hertzbeat
traccar,traccar,7154,69,2012-04-16T08:33:49Z,https://github.com/traccar/traccar
google,error-prone,7153,65,2014-08-21T23:26:50Z,https://github.com/google/error-prone
google,agera,7135,16,2015-12-17T13:22:58Z,https://github.com/google/agera
h2pl,JavaTutorial,7124,1,2018-05-01T15:57:21Z,https://github.com/h2pl/JavaTutorial
rest-assured,rest-assured,7124,0,2010-10-21T08:35:43Z,https://github.com/rest-assured/rest-assured
Col-E,Recaf,7099,170,2017-07-27T06:01:10Z,https://github.com/Col-E/Recaf
ogaclejapan,SmartTabLayout,7083,0,2015-02-14T11:25:51Z,https://github.com/ogaclejapan/SmartTabLayout
CoderLeixiaoshuai,java-eight-part,7083,0,2020-10-16T16:27:04Z,https://github.com/CoderLeixiaoshuai/java-eight-part
JakeWharton,ActionBarSherlock,7070,32,2011-03-07T17:28:54Z,https://github.com/JakeWharton/ActionBarSherlock
naman14,Timber,7051,5,2015-06-12T16:43:55Z,https://github.com/naman14/Timber
mrniko,netty-socketio,7025,19,2012-01-12T11:43:49Z,https://github.com/mrniko/netty-socketio
NLPchina,elasticsearch-sql,7020,302,2014-08-24T14:26:31Z,https://github.com/NLPchina/elasticsearch-sql
junit-team,junit-framework,6994,107,2015-01-11T19:06:10Z,https://github.com/junit-team/junit-framework
DroidPluginTeam,DroidPlugin,6974,2,2015-08-27T11:14:57Z,https://github.com/DroidPluginTeam/DroidPlugin
logisim-evolution,logisim-evolution,6969,32,2014-09-19T05:23:24Z,https://github.com/logisim-evolution/logisim-evolution
alibaba,jvm-sandbox,6956,13,2017-08-03T02:55:31Z,https://github.com/alibaba/jvm-sandbox
macrozheng,springcloud-learning,6922,0,2019-09-07T02:36:16Z,https://github.com/macrozheng/springcloud-learning
CeuiLiSA,Pixiv-Shaft,6887,128,2019-04-01T09:59:09Z,https://github.com/CeuiLiSA/Pixiv-Shaft
smuyyh,BookReader,6886,0,2016-08-03T05:17:27Z,https://github.com/smuyyh/BookReader
rabbitmq,rabbitmq-tutorials,6883,0,2010-09-21T11:41:26Z,https://github.com/rabbitmq/rabbitmq-tutorials
vespa-engine,vespa,6870,271,2016-06-03T20:54:20Z,https://github.com/vespa-engine/vespa
getActivity,AndroidProject,6865,18,2018-10-23T10:30:55Z,https://github.com/getActivity/AndroidProject
Meituan-Dianping,walle,6863,1,2017-01-10T03:39:25Z,https://github.com/Meituan-Dianping/walle
hongyangAndroid,okhttputils,6855,0,2015-08-17T14:53:29Z,https://github.com/hongyangAndroid/okhttputils
iflytek,astron-rpa,6825,5,2025-09-20T08:51:40Z,https://github.com/iflytek/astron-rpa
raphw,byte-buddy,6800,313,2013-11-25T19:38:03Z,https://github.com/raphw/byte-buddy
zo0r,react-native-push-notification,6791,35,2015-12-14T19:53:36Z,https://github.com/zo0r/react-native-push-notification
Angel-ML,angel,6790,20,2017-04-25T05:57:43Z,https://github.com/Angel-ML/angel
guardianproject,haven,6790,37,2017-03-01T03:20:03Z,https://github.com/guardianproject/haven
648540858,wvp-GB28181-pro,6787,2,2020-11-14T14:16:37Z,https://github.com/648540858/wvp-GB28181-pro
527515025,springBoot,6775,0,2016-11-07T02:13:31Z,https://github.com/527515025/springBoot
fuzhengwei,itstack-demo-design,6773,0,2020-05-20T13:45:30Z,https://github.com/fuzhengwei/itstack-demo-design
gzu-liyujiang,AndroidPicker,6773,58,2015-10-21T14:21:16Z,https://github.com/gzu-liyujiang/AndroidPicker
Suwayomi,Suwayomi-Server,6751,58,2020-12-23T20:31:38Z,https://github.com/Suwayomi/Suwayomi-Server
Meituan-Dianping,Leaf,6739,0,2018-12-11T07:41:35Z,https://github.com/Meituan-Dianping/Leaf
markzhai,AndroidPerformanceMonitor,6733,0,2016-01-17T05:23:22Z,https://github.com/markzhai/AndroidPerformanceMonitor
getActivity,XXPermissions,6720,75,2018-06-15T14:31:29Z,https://github.com/getActivity/XXPermissions
quartz-scheduler,quartz,6712,8,2016-03-07T14:05:37Z,https://github.com/quartz-scheduler/quartz
zouzg,mybatis-generator-gui,6704,16,2016-05-08T22:39:39Z,https://github.com/zouzg/mybatis-generator-gui
jOOQ,jOOQ,6694,122,2011-04-17T10:43:33Z,https://github.com/jOOQ/jOOQ
apache,storm,6680,9,2013-11-05T08:00:14Z,https://github.com/apache/storm
hongyangAndroid,AndroidAutoLayout,6677,0,2015-11-19T02:09:11Z,https://github.com/hongyangAndroid/AndroidAutoLayout
yanzhenjie,AndPermission,6644,0,2016-09-11T05:17:34Z,https://github.com/yanzhenjie/AndPermission
JesusFreke,smali,6625,0,2012-09-23T19:51:16Z,https://github.com/JesusFreke/smali
apache,zeppelin,6613,0,2015-03-25T07:00:06Z,https://github.com/apache/zeppelin
pig-mesh,pig,6608,20,2019-08-26T03:24:53Z,https://github.com/pig-mesh/pig
GrenderG,Toasty,6594,19,2017-01-18T18:52:41Z,https://github.com/GrenderG/Toasty
hazelcast,hazelcast,6589,201,2012-03-21T12:25:18Z,https://github.com/hazelcast/hazelcast
NLPchina,ansj_seg,6539,3,2012-09-05T05:56:24Z,https://github.com/NLPchina/ansj_seg
ximsfei,Android-skin-support,6521,0,2017-01-12T15:03:54Z,https://github.com/ximsfei/Android-skin-support
freeok,so-novel,6513,54,2022-05-23T15:49:36Z,https://github.com/freeok/so-novel
nayuki,QR-Code-generator,6508,5,2016-04-15T02:19:41Z,https://github.com/nayuki/QR-Code-generator
processing,processing,6497,48,2013-01-24T21:17:22Z,https://github.com/processing/processing
hibernate,hibernate-orm,6449,173,2010-10-04T16:15:52Z,https://github.com/hibernate/hibernate-orm
Javen205,IJPay,6445,24,2017-05-02T03:15:32Z,https://github.com/Javen205/IJPay
jetlinks,jetlinks-community,6436,21,2020-01-02T07:27:34Z,https://github.com/jetlinks/jetlinks-community
gephi,gephi,6436,19,2011-10-22T03:14:46Z,https://github.com/gephi/gephi
ArthurHub,Android-Image-Cropper,6429,32,2015-01-15T10:49:37Z,https://github.com/ArthurHub/Android-Image-Cropper
wxiaoqi,Spring-Cloud-Platform,6427,3,2017-05-25T10:35:26Z,https://github.com/wxiaoqi/Spring-Cloud-Platform
vinc3m1,RoundedImageView,6418,19,2013-02-22T01:17:37Z,https://github.com/vinc3m1/RoundedImageView
AsyncHttpClient,async-http-client,6408,12,2011-03-07T13:41:46Z,https://github.com/AsyncHttpClient/async-http-client
graphhopper,graphhopper,6400,46,2012-02-18T19:57:38Z,https://github.com/graphhopper/graphhopper
micronaut-projects,micronaut-core,6398,355,2018-03-07T12:05:08Z,https://github.com/micronaut-projects/micronaut-core
apache,flink-cdc,6388,24,2020-07-27T19:23:33Z,https://github.com/apache/flink-cdc
aa112901,remusic,6382,0,2016-03-24T06:20:39Z,https://github.com/aa112901/remusic
joelittlejohn,jsonschema2pojo,6370,67,2013-06-22T22:28:53Z,https://github.com/joelittlejohn/jsonschema2pojo
haifengl,smile,6363,43,2014-11-20T16:28:12Z,https://github.com/haifengl/smile
DerekYRC,mini-spring,6354,1,2020-11-17T11:59:18Z,https://github.com/DerekYRC/mini-spring
wasabeef,richeditor-android,6350,0,2015-03-30T16:19:20Z,https://github.com/wasabeef/richeditor-android
sshahine,JFoenix,6340,0,2015-09-08T14:04:24Z,https://github.com/sshahine/JFoenix
amitshekhariitbhu,from-java-to-kotlin,6336,0,2017-05-21T11:56:27Z,https://github.com/amitshekhariitbhu/from-java-to-kotlin
apache,iotdb,6304,51,2018-11-24T21:29:17Z,https://github.com/apache/iotdb
lightbend,config,6297,4,2011-12-06T08:02:29Z,https://github.com/lightbend/config
koush,ion,6259,0,2013-05-22T07:41:23Z,https://github.com/koush/ion
loks666,get_jobs,6253,3,2024-03-07T21:34:58Z,https://github.com/loks666/get_jobs
apache,incubator-kie-drools,6239,6,2011-02-18T08:37:05Z,https://github.com/apache/incubator-kie-drools
graphql-java,graphql-java,6235,101,2015-07-06T06:52:20Z,https://github.com/graphql-java/graphql-java
auth0,java-jwt,6215,46,2014-03-07T15:06:11Z,https://github.com/auth0/java-jwt
ityouknow,spring-cloud-examples,6213,0,2017-04-28T08:48:53Z,https://github.com/ityouknow/spring-cloud-examples
apache,camel,6175,0,2009-05-21T00:25:36Z,https://github.com/apache/camel
Vedenin,useful-java-links,6159,0,2016-02-13T13:14:52Z,https://github.com/Vedenin/useful-java-links
google,grafika,6157,1,2013-12-19T18:36:53Z,https://github.com/google/grafika
alipay,SoloPi,6153,8,2019-03-14T15:32:49Z,https://github.com/alipay/SoloPi
apache,hudi,6138,33,2016-12-14T15:53:41Z,https://github.com/apache/hudi
vavr-io,vavr,6129,22,2014-01-30T14:07:25Z,https://github.com/vavr-io/vavr
LandGrey,SpringBootVulExploit,6128,0,2020-05-20T09:18:44Z,https://github.com/LandGrey/SpringBootVulExploit
obsidiandynamics,kafdrop,6125,50,2019-05-27T08:46:56Z,https://github.com/obsidiandynamics/kafdrop
google,google-java-format,6107,43,2015-05-11T20:38:28Z,https://github.com/google/google-java-format
ikew0ng,SwipeBackLayout,6103,0,2013-08-25T03:36:12Z,https://github.com/ikew0ng/SwipeBackLayout
rengwuxian,MaterialEditText,6094,19,2014-10-30T10:07:23Z,https://github.com/rengwuxian/MaterialEditText
daimajia,NumberProgressBar,6092,3,2014-05-01T08:54:25Z,https://github.com/daimajia/NumberProgressBar
javaparser,javaparser,6072,57,2011-10-30T14:03:44Z,https://github.com/javaparser/javaparser
apache,pinot,6055,22,2014-05-19T23:27:48Z,https://github.com/apache/pinot
ZhongFuCheng3y,austin,6050,0,2021-11-06T09:36:01Z,https://github.com/ZhongFuCheng3y/austin
apache,nifi,6045,0,2014-12-12T08:00:05Z,https://github.com/apache/nifi
google,j2objc,6045,1,2014-01-30T20:19:56Z,https://github.com/google/j2objc
jeequan,jeepay,6024,0,2017-08-12T02:40:32Z,https://github.com/jeequan/jeepay
singwhatiwanna,dynamic-load-apk,6022,0,2014-03-30T11:51:00Z,https://github.com/singwhatiwanna/dynamic-load-apk
00-Evan,shattered-pixel-dungeon,6013,52,2014-07-31T21:56:31Z,https://github.com/00-Evan/shattered-pixel-dungeon
robolectric,robolectric,6006,111,2010-08-28T00:28:25Z,https://github.com/robolectric/robolectric
pedrovgs,EffectiveAndroidUI,6004,0,2014-07-04T08:42:20Z,https://github.com/pedrovgs/EffectiveAndroidUI
apache,hive,5998,0,2009-05-21T02:31:01Z,https://github.com/apache/hive
opengoofy,hippo4j,5992,18,2021-06-16T02:59:48Z,https://github.com/opengoofy/hippo4j
WeiYe-Jing,datax-web,5991,5,2019-11-19T01:09:05Z,https://github.com/WeiYe-Jing/datax-web
btraceio,btrace,5988,33,2014-08-28T18:58:24Z,https://github.com/btraceio/btrace
google,physical-web,5974,17,2014-09-30T18:32:14Z,https://github.com/google/physical-web
rey5137,material,5964,10,2014-12-09T12:07:32Z,https://github.com/rey5137/material
youtube,api-samples,5962,0,2013-12-09T18:41:41Z,https://github.com/youtube/api-samples
wyouflf,xUtils3,5959,9,2015-10-28T10:56:04Z,https://github.com/wyouflf/xUtils3
JSQLParser,JSqlParser,5945,37,2011-06-23T22:51:52Z,https://github.com/JSQLParser/JSqlParser
springfox,springfox,5939,12,2012-05-06T06:38:57Z,https://github.com/springfox/springfox
Archmage83,tvapk,5937,0,2020-07-29T08:04:37Z,https://github.com/Archmage83/tvapk
journeyapps,zxing-android-embedded,5935,9,2012-11-28T16:36:39Z,https://github.com/journeyapps/zxing-android-embedded
liyifeng1994,ssm,5935,0,2016-06-18T17:58:56Z,https://github.com/liyifeng1994/ssm
prolificinteractive,material-calendarview,5927,22,2015-02-09T22:31:56Z,https://github.com/prolificinteractive/material-calendarview
apache,fesod,5928,7,2024-10-05T11:42:50Z,https://github.com/apache/fesod
antoniolg,androidmvp,5909,0,2014-04-02T05:42:20Z,https://github.com/antoniolg/androidmvp
PBH-BTN,PeerBanHelper,5904,191,2024-02-07T14:35:16Z,https://github.com/PBH-BTN/PeerBanHelper
weibocom,motan,5901,28,2016-04-20T10:56:17Z,https://github.com/weibocom/motan
ikarus23,MifareClassicTool,5893,10,2013-02-12T15:39:03Z,https://github.com/ikarus23/MifareClassicTool
amitshekhariitbhu,Fast-Android-Networking,5892,10,2016-03-21T18:35:44Z,https://github.com/amitshekhariitbhu/Fast-Android-Networking
lets-blade,blade,5883,9,2015-06-10T03:35:49Z,https://github.com/lets-blade/blade
ffay,lanproxy,5855,1,2016-11-20T08:12:10Z,https://github.com/ffay/lanproxy
JakeWharton,DiskLruCache,5832,0,2012-01-05T00:36:34Z,https://github.com/JakeWharton/DiskLruCache
meefik,linuxdeploy,5799,37,2012-08-21T04:49:14Z,https://github.com/meefik/linuxdeploy
Nightonke,BoomMenu,5790,0,2016-03-19T12:04:12Z,https://github.com/Nightonke/BoomMenu
yarolegovich,DiscreteScrollView,5783,2,2017-03-03T23:38:54Z,https://github.com/yarolegovich/DiscreteScrollView
changmingxie,tcc-transaction,5775,8,2015-12-05T04:27:53Z,https://github.com/changmingxie/tcc-transaction
houbb,sensitive-word,5773,2,2020-01-07T03:10:44Z,https://github.com/houbb/sensitive-word
Nepxion,Discovery,5768,132,2018-06-21T16:16:49Z,https://github.com/Nepxion/Discovery
strimzi,strimzi-kafka-operator,5766,170,2016-05-06T08:52:33Z,https://github.com/strimzi/strimzi-kafka-operator
JanusGraph,janusgraph,5762,28,2016-12-26T13:26:29Z,https://github.com/JanusGraph/janusgraph
dmytrodanylyk,circular-progress-button,5753,3,2014-06-07T12:58:48Z,https://github.com/dmytrodanylyk/circular-progress-button
dromara,lamp-cloud,5737,0,2018-01-17T02:51:04Z,https://github.com/dromara/lamp-cloud
jagrosh,MusicBot,5735,38,2016-08-14T18:46:29Z,https://github.com/jagrosh/MusicBot
k0shk0sh,FastHub,5732,63,2017-02-18T17:53:16Z,https://github.com/k0shk0sh/FastHub
redis,lettuce,5731,152,2014-05-10T13:08:46Z,https://github.com/redis/lettuce
ZHENFENG13,spring-boot-projects,5726,0,2017-04-01T01:50:14Z,https://github.com/ZHENFENG13/spring-boot-projects
ddd-by-examples,library,5725,0,2019-01-11T09:14:03Z,https://github.com/ddd-by-examples/library
yanzhenjie,SwipeRecyclerView,5720,0,2016-08-03T15:43:34Z,https://github.com/yanzhenjie/SwipeRecyclerView
jpush,aurora-imui,5708,42,2016-12-13T05:24:01Z,https://github.com/jpush/aurora-imui
Devlight,InfiniteCycleViewPager,5703,2,2016-08-22T08:04:39Z,https://github.com/Devlight/InfiniteCycleViewPager
201206030,novel,5694,12,2019-11-11T01:13:52Z,https://github.com/201206030/novel
springside,springside4,5667,3,2012-02-23T08:39:03Z,https://github.com/springside/springside4
microsoft,typespec,5663,472,2021-06-30T23:29:49Z,https://github.com/microsoft/typespec
ElderDrivers,EdXposed,5660,27,2019-01-18T16:18:19Z,https://github.com/ElderDrivers/EdXposed
crazycodeboy,react-native-splash-screen,5659,12,2016-09-14T10:43:55Z,https://github.com/crazycodeboy/react-native-splash-screen
wasabeef,Blurry,5658,0,2015-07-23T14:12:08Z,https://github.com/wasabeef/Blurry
JakeWharton,u2020,5654,0,2013-11-14T11:58:23Z,https://github.com/JakeWharton/u2020
hanks-zyh,HTextView,5652,0,2015-12-19T16:34:59Z,https://github.com/hanks-zyh/HTextView
SuperMonster003,AutoJs6,5640,21,2021-12-01T05:27:22Z,https://github.com/SuperMonster003/AutoJs6
osmandapp,OsmAnd,5638,1,2011-01-15T19:59:44Z,https://github.com/osmandapp/OsmAnd
daimajia,AndroidImageSlider,5611,5,2014-06-02T06:04:17Z,https://github.com/daimajia/AndroidImageSlider
TommyLemon,Android-ZBLibrary,5605,25,2015-08-20T16:03:53Z,https://github.com/TommyLemon/Android-ZBLibrary
hneemann,Digital,5592,35,2016-06-28T17:40:16Z,https://github.com/hneemann/Digital
hongyangAndroid,FlowLayout,5586,0,2015-08-28T09:32:31Z,https://github.com/hongyangAndroid/FlowLayout
baidu,uid-generator,5579,0,2017-03-27T04:03:43Z,https://github.com/baidu/uid-generator
alibaba,jetcache,5573,67,2017-04-12T07:48:23Z,https://github.com/alibaba/jetcache
mik3y,usb-serial-for-android,5571,34,2013-06-30T23:17:45Z,https://github.com/mik3y/usb-serial-for-android
apache,hbase,5563,50,2014-05-23T07:00:07Z,https://github.com/apache/hbase
alibaba,QLExpress,5563,25,2017-03-15T08:39:54Z,https://github.com/alibaba/QLExpress
amlcurran,ShowcaseView,5561,13,2012-08-14T19:07:36Z,https://github.com/amlcurran/ShowcaseView
CaffeineMC,sodium,5538,40,2020-02-01T03:04:09Z,https://github.com/CaffeineMC/sodium
nhaarman,ListViewAnimations,5535,14,2013-03-19T11:59:23Z,https://github.com/nhaarman/ListViewAnimations
knightliao,disconf,5530,12,2014-05-30T09:39:27Z,https://github.com/knightliao/disconf
jindrapetrik,jpexs-decompiler,5529,181,2014-05-10T17:20:56Z,https://github.com/jindrapetrik/jpexs-decompiler
cinit,QAuxiliary,5525,49,2022-01-29T06:12:36Z,https://github.com/cinit/QAuxiliary
GeyserMC,Geyser,5515,0,2019-07-08T17:23:17Z,https://github.com/GeyserMC/Geyser
wuhaoyu1990,MagicCamera,5513,0,2016-01-08T11:36:56Z,https://github.com/wuhaoyu1990/MagicCamera
danikula,AndroidVideoCache,5512,20,2015-04-01T11:25:52Z,https://github.com/danikula/AndroidVideoCache
TGX-Android,Telegram-X,5481,6,2021-08-17T17:09:25Z,https://github.com/TGX-Android/Telegram-X
emilsjolander,StickyListHeaders,5479,16,2012-03-11T18:29:18Z,https://github.com/emilsjolander/StickyListHeaders
Jasonchenlijian,FastBle,5479,9,2016-08-23T02:06:33Z,https://github.com/Jasonchenlijian/FastBle
liquibase,liquibase,5477,107,2011-07-08T20:08:20Z,https://github.com/liquibase/liquibase
scribejava,scribejava,5470,9,2010-09-05T19:11:40Z,https://github.com/scribejava/scribejava
motianhuo,wechat,5465,0,2015-05-25T02:33:37Z,https://github.com/motianhuo/wechat
KeepSafe,TapTargetView,5463,24,2016-09-11T09:07:36Z,https://github.com/KeepSafe/TapTargetView
sockeqwe,mosby,5458,15,2015-03-25T00:59:19Z,https://github.com/sockeqwe/mosby
alibaba,freeline,5455,22,2016-08-03T17:22:52Z,https://github.com/alibaba/freeline
dm77,barcodescanner,5445,6,2014-02-24T21:14:09Z,https://github.com/dm77/barcodescanner
apache,groovy,5439,0,2015-04-16T07:00:05Z,https://github.com/apache/groovy
rubenlagus,TelegramBots,5438,113,2016-01-14T00:13:07Z,https://github.com/rubenlagus/TelegramBots
spring-projects,spring-data-examples,5423,0,2014-01-30T15:42:43Z,https://github.com/spring-projects/spring-data-examples
tonikelope,megabasterd,5422,208,2016-09-29T16:54:54Z,https://github.com/tonikelope/megabasterd
socketio,socket.io-client-java,5415,7,2013-04-28T17:04:05Z,https://github.com/socketio/socket.io-client-java
killbill,killbill,5410,151,2012-10-21T20:55:05Z,https://github.com/killbill/killbill
facebookarchive,rebound,5402,10,2013-10-11T01:12:37Z,https://github.com/facebookarchive/rebound
coobird,thumbnailator,5400,0,2015-07-25T05:38:33Z,https://github.com/coobird/thumbnailator
diffplug,spotless,5399,52,2015-04-27T19:10:58Z,https://github.com/diffplug/spotless
gsantner,markor,5394,81,2017-08-26T00:08:35Z,https://github.com/gsantner/markor
apache,dubbo-spring-boot-project,5393,13,2018-01-18T12:10:50Z,https://github.com/apache/dubbo-spring-boot-project
LFDT-web3j,web3j,5385,121,2016-09-04T05:48:49Z,https://github.com/LFDT-web3j/web3j
pmd,pmd,5372,114,2012-07-11T18:03:00Z,https://github.com/pmd/pmd
facebookarchive,shimmer-android,5367,5,2015-02-27T22:25:22Z,https://github.com/facebookarchive/shimmer-android
Evernote,android-job,5360,31,2015-08-20T19:36:54Z,https://github.com/Evernote/android-job
remkop,picocli,5350,86,2017-02-01T16:38:41Z,https://github.com/remkop/picocli
runelite,runelite,5342,0,2016-04-30T20:48:02Z,https://github.com/runelite/runelite
h6ah4i,android-advancedrecyclerview,5336,1,2015-01-24T16:14:39Z,https://github.com/h6ah4i/android-advancedrecyclerview
allure-framework,allure2,5333,85,2016-05-27T14:06:05Z,https://github.com/allure-framework/allure2
jgilfelt,SystemBarTint,5332,3,2013-11-17T12:35:05Z,https://github.com/jgilfelt/SystemBarTint
commonsguy,cw-omnibus,5332,36,2012-03-12T14:12:06Z,https://github.com/commonsguy/cw-omnibus
google,google-authenticator,5329,0,2014-10-08T17:54:27Z,https://github.com/google/google-authenticator
dunwu,db-tutorial,5324,0,2017-08-08T06:33:38Z,https://github.com/dunwu/db-tutorial
mybatis,generator,5318,12,2013-02-10T11:14:50Z,https://github.com/mybatis/generator
XRecyclerView,XRecyclerView,5316,0,2015-11-18T08:14:22Z,https://github.com/XRecyclerView/XRecyclerView
LWJGL,lwjgl3,5317,23,2012-12-23T15:40:04Z,https://github.com/LWJGL/lwjgl3
Doikki,DKVideoPlayer,5309,32,2017-04-11T01:33:38Z,https://github.com/Doikki/DKVideoPlayer
zfdang,Android-Touch-Helper,5298,113,2020-10-16T00:58:41Z,https://github.com/zfdang/Android-Touch-Helper
Fuzion24,JustTrustMe,5292,1,2014-07-24T23:45:05Z,https://github.com/Fuzion24/JustTrustMe
Docile-Alligator,Infinity-For-Reddit,5285,197,2018-07-26T15:02:51Z,https://github.com/Docile-Alligator/Infinity-For-Reddit
evant,gradle-retrolambda,5276,37,2013-08-05T02:09:58Z,https://github.com/evant/gradle-retrolambda
citerus,dddsample-core,5268,0,2015-01-31T23:21:37Z,https://github.com/citerus/dddsample-core
yixia,VitamioBundle,5267,0,2012-10-19T08:40:49Z,https://github.com/yixia/VitamioBundle
xxv,android-lifecycle,5264,0,2014-04-18T14:26:22Z,https://github.com/xxv/android-lifecycle
CodingDocs,springboot-guide,5260,0,2018-11-28T01:05:07Z,https://github.com/CodingDocs/springboot-guide
lingochamp,okdownload,5257,8,2017-12-17T08:21:22Z,https://github.com/lingochamp/okdownload
razerdp,BasePopup,5254,15,2016-01-15T03:31:07Z,https://github.com/razerdp/BasePopup
novicezk,midjourney-proxy,5249,0,2023-04-24T13:43:45Z,https://github.com/novicezk/midjourney-proxy
j-easy,easy-rules,5238,10,2013-03-10T14:38:26Z,https://github.com/j-easy/easy-rules
thinkaurelius,titan,5236,0,2012-02-25T22:53:53Z,https://github.com/thinkaurelius/titan
CellularPrivacy,Android-IMSI-Catcher-Detector,5237,48,2013-11-23T10:04:14Z,https://github.com/CellularPrivacy/Android-IMSI-Catcher-Detector
Yalantis,Side-Menu.Android,5229,2,2015-01-13T11:11:27Z,https://github.com/Yalantis/Side-Menu.Android
huangyanbin,smartTable,5228,44,2017-11-08T01:11:14Z,https://github.com/huangyanbin/smartTable
reactor,reactor-core,5217,224,2015-11-10T10:06:40Z,https://github.com/reactor/reactor-core
bitcoinj,bitcoinj,5216,14,2013-11-19T04:33:23Z,https://github.com/bitcoinj/bitcoinj
lucasr,twoway-view,5215,0,2013-01-18T20:55:23Z,https://github.com/lucasr/twoway-view
Karumi,Dexter,5209,33,2015-11-17T13:14:43Z,https://github.com/Karumi/Dexter
brianfrankcooper,YCSB,5203,55,2010-04-19T20:52:11Z,https://github.com/brianfrankcooper/YCSB
oshi,oshi,5196,172,2012-02-10T12:46:48Z,https://github.com/oshi/oshi
hustcc,JS-Sorting-Algorithm,5195,0,2017-01-19T11:36:21Z,https://github.com/hustcc/JS-Sorting-Algorithm
zhanglei-workspace,shopping-management-system,5192,0,2015-11-16T12:53:21Z,https://github.com/zhanglei-workspace/shopping-management-system
Clans,FloatingActionButton,5185,14,2015-03-21T12:36:16Z,https://github.com/Clans/FloatingActionButton
killme2008,aviatorscript,5185,52,2011-03-29T12:48:47Z,https://github.com/killme2008/aviatorscript
Exrick,xpay,5181,0,2017-12-12T16:11:19Z,https://github.com/Exrick/xpay
android,views-widgets-samples,5178,0,2019-09-06T21:39:12Z,https://github.com/android/views-widgets-samples
baomidou,dynamic-datasource,5162,19,2018-04-28T02:32:16Z,https://github.com/baomidou/dynamic-datasource
careercup,ctci,5145,0,2013-03-21T23:01:01Z,https://github.com/careercup/ctci
square,otto,5133,0,2012-06-27T19:06:49Z,https://github.com/square/otto
natario1,CameraView,5125,42,2017-07-18T09:30:33Z,https://github.com/natario1/CameraView
tianshiyeben,wgcloud,5119,31,2019-01-15T02:02:21Z,https://github.com/tianshiyeben/wgcloud
deathmarine,Luyten,5116,17,2013-07-11T10:57:28Z,https://github.com/deathmarine/Luyten
apache,calcite,5106,0,2014-06-25T07:00:07Z,https://github.com/apache/calcite
youlookwhat,DesignPattern,5104,0,2016-10-21T10:59:32Z,https://github.com/youlookwhat/DesignPattern
line,armeria,5099,270,2015-11-16T04:04:01Z,https://github.com/line/armeria
spring-projects,spring-authorization-server,5085,85,2020-03-17T17:28:57Z,https://github.com/spring-projects/spring-authorization-server
sofastack,sofa-boot,5076,83,2018-04-02T08:28:14Z,https://github.com/sofastack/sofa-boot
bisq-network,bisq,5075,143,2014-03-12T09:42:29Z,https://github.com/bisq-network/bisq
xuexiangjys,XUI,5074,23,2019-01-07T07:59:02Z,https://github.com/xuexiangjys/XUI
ageerle,ruoyi-ai,5066,6,2024-01-16T04:16:41Z,https://github.com/ageerle/ruoyi-ai
OpenTSDB,opentsdb,5064,27,2010-08-27T02:05:20Z,https://github.com/OpenTSDB/opentsdb
Sayi,poi-tl,5065,14,2015-03-20T06:47:52Z,https://github.com/Sayi/poi-tl
apache,ignite,5063,0,2015-02-19T08:00:05Z,https://github.com/apache/ignite
javastacks,spring-boot-best-practice,5046,1,2018-11-09T06:23:18Z,https://github.com/javastacks/spring-boot-best-practice
2227324689,gpmall,5042,0,2019-07-18T14:09:22Z,https://github.com/2227324689/gpmall
jankotek,mapdb,5040,0,2012-08-17T15:28:54Z,https://github.com/jankotek/mapdb
wequick,Small,5037,25,2015-11-27T11:37:20Z,https://github.com/wequick/Small
Trinea,android-common,5020,1,2012-06-19T07:49:46Z,https://github.com/Trinea/android-common
yipianfengye,android-zxingLibrary,5014,0,2016-07-26T08:00:18Z,https://github.com/yipianfengye/android-zxingLibrary
apache,maven,5013,30,2009-05-21T03:22:03Z,https://github.com/apache/maven
youlookwhat,CloudReader,5007,26,2016-11-20T11:59:25Z,https://github.com/youlookwhat/CloudReader
Kodezi,Chronos,5003,0,2025-07-21T07:34:10Z,https://github.com/Kodezi/Chronos
HeliBorg,HeliBoard,4999,63,2022-03-09T08:38:32Z,https://github.com/HeliBorg/HeliBoard
rubensousa,GravitySnapHelper,4997,15,2016-08-31T07:25:23Z,https://github.com/rubensousa/GravitySnapHelper
JodaOrg,joda-time,4987,51,2011-05-16T16:49:57Z,https://github.com/JodaOrg/joda-time
DingMouRen,LayoutManagerGroup,4986,0,2018-04-28T11:47:38Z,https://github.com/DingMouRen/LayoutManagerGroup
spring-attic,spring-mvc-showcase,4985,0,2011-06-03T15:36:55Z,https://github.com/spring-attic/spring-mvc-showcase
rstudio,rstudio,4982,0,2010-12-07T19:10:25Z,https://github.com/rstudio/rstudio
orhanobut,dialogplus,4973,9,2014-12-12T09:24:44Z,https://github.com/orhanobut/dialogplus
roncoo,roncoo-pay,4968,0,2016-07-21T02:46:06Z,https://github.com/roncoo/roncoo-pay
alibaba,UltraViewPager,4964,10,2017-03-29T13:31:53Z,https://github.com/alibaba/UltraViewPager
querydsl,querydsl,4962,35,2011-08-05T06:46:32Z,https://github.com/querydsl/querydsl
spring-cloud,spring-cloud-netflix,4960,30,2014-07-11T15:46:12Z,https://github.com/spring-cloud/spring-cloud-netflix
frogermcs,InstaMaterial,4952,1,2014-11-10T18:56:49Z,https://github.com/frogermcs/InstaMaterial
react-native-config,react-native-config,4951,33,2016-02-23T00:19:11Z,https://github.com/react-native-config/react-native-config
orientechnologies,orientdb,4951,232,2012-12-09T20:33:47Z,https://github.com/orientechnologies/orientdb
react-native-webrtc,react-native-webrtc,4948,82,2015-09-27T10:57:30Z,https://github.com/react-native-webrtc/react-native-webrtc
Devlight,NavigationTabBar,4934,13,2016-03-29T08:59:27Z,https://github.com/Devlight/NavigationTabBar
amitshekhariitbhu,RxJava2-Android-Samples,4923,0,2016-08-27T08:21:37Z,https://github.com/amitshekhariitbhu/RxJava2-Android-Samples
angryip,ipscan,4919,32,2011-06-28T20:58:48Z,https://github.com/angryip/ipscan
DiUS,java-faker,4917,0,2011-06-06T01:01:21Z,https://github.com/DiUS/java-faker
traex,RippleEffect,4902,0,2014-10-14T13:32:51Z,https://github.com/traex/RippleEffect
fuzhengwei,small-spring,4901,0,2021-05-15T06:07:28Z,https://github.com/fuzhengwei/small-spring
Threekiii,Awesome-POC,4900,2,2022-02-20T06:43:22Z,https://github.com/Threekiii/Awesome-POC
zhkl0228,unidbg,4896,16,2019-02-26T09:32:15Z,https://github.com/zhkl0228/unidbg
cglib,cglib,4896,15,2014-03-29T13:48:30Z,https://github.com/cglib/cglib
Ramotion,folding-cell-android,4890,0,2016-04-01T11:38:47Z,https://github.com/Ramotion/folding-cell-android
reactive-streams,reactive-streams-jvm,4872,0,2014-02-28T13:16:15Z,https://github.com/reactive-streams/reactive-streams-jvm
mock-server,mockserver,4863,0,2013-02-26T06:09:52Z,https://github.com/mock-server/mockserver
spring-cloud,spring-cloud-gateway,4852,46,2016-11-16T21:42:51Z,https://github.com/spring-cloud/spring-cloud-gateway
micrometer-metrics,micrometer,4833,291,2017-04-10T21:36:51Z,https://github.com/micrometer-metrics/micrometer
mcxiaoke,packer-ng-plugin,4810,1,2015-11-24T04:08:08Z,https://github.com/mcxiaoke/packer-ng-plugin
deepjavalibrary,djl,4795,38,2019-10-29T22:38:54Z,https://github.com/deepjavalibrary/djl
andkulikov,Transitions-Everywhere,4794,23,2014-10-15T03:37:03Z,https://github.com/andkulikov/Transitions-Everywhere
oracle,opengrok,4790,302,2013-01-07T11:49:18Z,https://github.com/oracle/opengrok
claritylab,lucida,4788,0,2014-05-13T17:12:49Z,https://github.com/claritylab/lucida
tencentmusic,supersonic,4785,15,2023-06-12T07:23:28Z,https://github.com/tencentmusic/supersonic
tuguangquan,mybatis,4774,0,2014-11-03T04:51:06Z,https://github.com/tuguangquan/mybatis
ronmamo,reflections,4773,3,2013-04-16T16:19:26Z,https://github.com/ronmamo/reflections
grobidOrg,grobid,4772,23,2012-09-13T15:48:54Z,https://github.com/grobidOrg/grobid
dromara,dynamic-tp,4763,19,2022-01-07T16:35:27Z,https://github.com/dromara/dynamic-tp
zq2599,blog_demos,4761,0,2017-04-09T04:51:56Z,https://github.com/zq2599/blog_demos
saiwu-bigkoo,Android-ConvenientBanner,4758,0,2014-12-23T06:12:33Z,https://github.com/saiwu-bigkoo/Android-ConvenientBanner
TheoKanning,openai-java,4757,22,2020-09-15T02:58:52Z,https://github.com/TheoKanning/openai-java
etsy,AndroidStaggeredGrid,4757,7,2013-12-09T19:43:45Z,https://github.com/etsy/AndroidStaggeredGrid
nisrulz,android-tips-tricks,4748,0,2016-08-25T20:27:33Z,https://github.com/nisrulz/android-tips-tricks
kyleduo,SwitchButton,4747,0,2014-09-09T07:20:43Z,https://github.com/kyleduo/SwitchButton
zlt2000,microservices-platform,4744,30,2019-03-07T07:13:37Z,https://github.com/zlt2000/microservices-platform
hongyangAndroid,baseAdapter,4726,0,2015-08-03T02:55:51Z,https://github.com/hongyangAndroid/baseAdapter
saysky,ForestBlog,4723,0,2017-10-08T15:27:47Z,https://github.com/saysky/ForestBlog
stleary,JSON-java,4716,25,2010-12-21T17:46:09Z,https://github.com/stleary/JSON-java
google,cameraview,4711,0,2016-08-04T05:22:14Z,https://github.com/google/cameraview
karma9874,AndroRAT,4702,0,2020-03-22T09:31:28Z,https://github.com/karma9874/AndroRAT
spring-attic,spring-security-oauth,4699,0,2011-07-26T18:08:49Z,https://github.com/spring-attic/spring-security-oauth
cjlin1,libsvm,4697,0,2013-09-10T14:32:07Z,https://github.com/cjlin1/libsvm
hansonwang99,Spring-Boot-In-Action,4690,0,2019-01-28T12:56:51Z,https://github.com/hansonwang99/Spring-Boot-In-Action
SPLWare,esProc,4690,0,2021-11-09T15:41:25Z,https://github.com/SPLWare/esProc
jgilfelt,chuck,4687,5,2017-02-07T23:51:39Z,https://github.com/jgilfelt/chuck
981011512,--,4685,0,2020-06-18T22:47:21Z,https://github.com/981011512/--
bytedeco,javacpp,4685,14,2014-04-21T12:47:21Z,https://github.com/bytedeco/javacpp
bepass-org,oblivion,4684,12,2024-02-08T05:50:09Z,https://github.com/bepass-org/oblivion
pardom-zz,ActiveAndroid,4677,0,2012-11-15T18:10:45Z,https://github.com/pardom-zz/ActiveAndroid
Heeexy,SpringBoot-Shiro-Vue,4674,0,2017-11-17T18:49:06Z,https://github.com/Heeexy/SpringBoot-Shiro-Vue
nICEnnnnnnnLee,BilibiliDown,4663,81,2019-01-23T06:56:46Z,https://github.com/nICEnnnnnnnLee/BilibiliDown
ant-media,Ant-Media-Server,4657,68,2017-03-01T08:21:13Z,https://github.com/ant-media/Ant-Media-Server
discord-jda,JDA,4653,123,2015-12-12T13:57:32Z,https://github.com/discord-jda/JDA
ReChronoRain,HyperCeiler,4649,10,2023-10-27T17:17:42Z,https://github.com/ReChronoRain/HyperCeiler
rememberber,WePush,4641,58,2017-06-23T09:03:36Z,https://github.com/rememberber/WePush
wdullaer,MaterialDateTimePicker,4640,54,2015-01-03T19:41:03Z,https://github.com/wdullaer/MaterialDateTimePicker
CalebFenton,simplify,4638,9,2014-01-16T05:14:02Z,https://github.com/CalebFenton/simplify
chewiebug,GCViewer,4635,5,2011-10-23T09:01:04Z,https://github.com/chewiebug/GCViewer
zongzibinbin,MallChat,4635,0,2023-03-16T15:04:35Z,https://github.com/zongzibinbin/MallChat
gabrielemariotti,cardslib,4631,27,2013-09-20T21:57:19Z,https://github.com/gabrielemariotti/cardslib
linhaojun857,aurora,4631,0,2022-08-19T13:39:16Z,https://github.com/linhaojun857/aurora
romandanylyk,PageIndicatorView,4628,14,2016-08-20T19:25:32Z,https://github.com/romandanylyk/PageIndicatorView
yasserg,crawler4j,4625,3,2011-12-31T22:49:18Z,https://github.com/yasserg/crawler4j
JZ-Darkal,AndroidHttpCapture,4624,1,2016-10-15T19:48:00Z,https://github.com/JZ-Darkal/AndroidHttpCapture
apache,rocketmq-externals,4617,0,2017-03-14T07:00:06Z,https://github.com/apache/rocketmq-externals
Netflix,ribbon,4616,41,2013-01-15T01:08:04Z,https://github.com/Netflix/ribbon
RedSpider1,concurrent,4615,0,2018-11-03T13:49:36Z,https://github.com/RedSpider1/concurrent
objectbox,objectbox-java,4606,54,2017-01-24T10:29:48Z,https://github.com/objectbox/objectbox-java
h2database,h2database,4604,24,2015-04-10T19:09:09Z,https://github.com/h2database/h2database
hussien89aa,AndroidTutorialForBeginners,4591,0,2016-09-26T16:36:28Z,https://github.com/hussien89aa/AndroidTutorialForBeginners
SplashCodes,JAViewer,4590,10,2016-05-21T08:47:10Z,https://github.com/SplashCodes/JAViewer
puniverse,quasar,4563,18,2013-03-27T14:51:24Z,https://github.com/puniverse/quasar
chentao0707,SimplifyReader,4557,0,2015-08-17T08:22:53Z,https://github.com/chentao0707/SimplifyReader
zhanghai,Douya,4552,11,2016-02-01T13:44:19Z,https://github.com/zhanghai/Douya
javagrowing,JGrowing,4547,0,2019-02-26T01:55:08Z,https://github.com/javagrowing/JGrowing
tiann,epic,4541,5,2017-05-22T02:52:44Z,https://github.com/tiann/epic
go-lang-plugin-org,go-lang-idea-plugin,4540,21,2010-08-29T08:20:01Z,https://github.com/go-lang-plugin-org/go-lang-idea-plugin
201206030,novel-plus,4540,36,2020-05-02T07:15:43Z,https://github.com/201206030/novel-plus
danielzeller,Depth-LIB-Android-,4539,0,2016-04-27T09:37:28Z,https://github.com/danielzeller/Depth-LIB-Android-
square,sqlbrite,4537,9,2015-02-19T04:38:37Z,https://github.com/square/sqlbrite
phishman3579,java-algorithms-implementation,4530,0,2013-11-20T03:30:19Z,https://github.com/phishman3579/java-algorithms-implementation
jacoco,jacoco,4528,50,2012-07-08T21:45:13Z,https://github.com/jacoco/jacoco
jdamcd,android-crop,4526,6,2014-03-13T10:24:43Z,https://github.com/jdamcd/android-crop
IoT-Technology,IoT-Technical-Guide,4521,0,2019-04-02T01:52:44Z,https://github.com/IoT-Technology/IoT-Technical-Guide
alibaba,dexposed,4517,0,2015-06-30T02:59:16Z,https://github.com/alibaba/dexposed
azkaban,azkaban,4514,48,2012-10-18T01:34:53Z,https://github.com/azkaban/azkaban
castorflex,SmoothProgressBar,4514,9,2013-11-27T20:32:16Z,https://github.com/castorflex/SmoothProgressBar
Flipboard,bottomsheet,4503,10,2015-04-23T17:37:32Z,https://github.com/Flipboard/bottomsheet
Freeyourgadget,Gadgetbridge,4495,0,2015-01-05T23:19:03Z,https://github.com/Freeyourgadget/Gadgetbridge
HotBitmapGG,bilibili-android-client,4485,1,2016-06-01T04:36:01Z,https://github.com/HotBitmapGG/bilibili-android-client
water8394,flink-recommandSystem-demo,4474,0,2019-05-15T07:55:35Z,https://github.com/water8394/flink-recommandSystem-demo
JakeWharton,NineOldAndroids,4470,0,2011-12-08T19:46:37Z,https://github.com/JakeWharton/NineOldAndroids
Meituan-Dianping,Robust,4465,13,2017-03-14T10:14:50Z,https://github.com/Meituan-Dianping/Robust
s4kibs4mi,java-developer-roadmap,4458,0,2019-04-23T06:42:13Z,https://github.com/s4kibs4mi/java-developer-roadmap
flutter-webrtc,flutter-webrtc,4454,138,2018-03-07T02:26:03Z,https://github.com/flutter-webrtc/flutter-webrtc
apache,shiro,4439,17,2009-08-29T08:00:17Z,https://github.com/apache/shiro
janishar,android-mvp-architecture,4431,0,2017-01-27T08:39:06Z,https://github.com/janishar/android-mvp-architecture
dreamhead,moco,4430,1,2012-10-18T09:09:51Z,https://github.com/dreamhead/moco
square,android-times-square,4424,0,2013-01-30T20:28:27Z,https://github.com/square/android-times-square
AsamK,signal-cli,4425,111,2015-05-11T10:49:42Z,https://github.com/AsamK/signal-cli
Tencent,GT,4412,3,2016-01-13T10:29:55Z,https://github.com/Tencent/GT
Snailclimb,guide-rpc-framework,4402,0,2020-05-10T13:24:42Z,https://github.com/Snailclimb/guide-rpc-framework
Querz,mcaselector,4399,75,2018-04-22T22:23:26Z,https://github.com/Querz/mcaselector
robinhood,ticker,4382,9,2016-07-15T21:37:52Z,https://github.com/robinhood/ticker
crate,crate,4382,159,2013-04-10T09:17:16Z,https://github.com/crate/crate
ThirtyDegreesRay,OpenHub,4376,31,2017-07-11T13:29:51Z,https://github.com/ThirtyDegreesRay/OpenHub
iterate-ch,cyberduck,4375,0,2017-01-20T14:16:34Z,https://github.com/iterate-ch/cyberduck
pytorch,serve,4361,24,2019-10-03T03:17:43Z,https://github.com/pytorch/serve
eirslett,frontend-maven-plugin,4356,0,2013-08-30T14:44:38Z,https://github.com/eirslett/frontend-maven-plugin
Ashok-Varma,BottomNavigation,4355,16,2016-03-19T19:19:30Z,https://github.com/Ashok-Varma/BottomNavigation
awangdev,leet-code,4354,0,2015-04-25T19:14:09Z,https://github.com/awangdev/leet-code
torakiki,pdfsam,4346,71,2013-09-24T11:06:13Z,https://github.com/torakiki/pdfsam
mywalkb,LSPosed_mod,4327,10,2022-03-28T08:05:38Z,https://github.com/mywalkb/LSPosed_mod
jlegewie,zotfile,4321,33,2011-12-30T14:47:42Z,https://github.com/jlegewie/zotfile
dragonwell-project,dragonwell8,4321,46,2019-03-07T02:57:45Z,https://github.com/dragonwell-project/dragonwell8
jitsi,jitsi,4320,7,2013-04-24T17:37:20Z,https://github.com/jitsi/jitsi
geoserver,geoserver,4316,69,2011-11-10T19:56:06Z,https://github.com/geoserver/geoserver
JabRef,jabref,4312,48,2014-03-11T14:48:42Z,https://github.com/JabRef/jabref
failsafe-lib,failsafe,4308,0,2015-06-30T00:56:39Z,https://github.com/failsafe-lib/failsafe
google,open-location-code,4308,5,2014-09-30T18:26:35Z,https://github.com/google/open-location-code
jeasonlzy,ImagePicker,4307,5,2016-01-27T17:05:03Z,https://github.com/jeasonlzy/ImagePicker
apache,streampark,4306,17,2019-05-27T05:56:03Z,https://github.com/apache/streampark
bingoogolapple,BGARefreshLayout-Android,4300,4,2015-05-28T16:17:00Z,https://github.com/bingoogolapple/BGARefreshLayout-Android
brianway,java-learning,4290,0,2016-02-09T05:20:58Z,https://github.com/brianway/java-learning
apache,fory,4288,65,2023-04-28T03:57:00Z,https://github.com/apache/fory
alibaba,fastjson2,4287,61,2022-04-17T04:27:24Z,https://github.com/alibaba/fastjson2
bjmashibing,InternetArchitect,4282,0,2019-10-19T16:32:01Z,https://github.com/bjmashibing/InternetArchitect
M66B,FairEmail,4277,1000,2018-08-02T13:30:25Z,https://github.com/M66B/FairEmail
mcxiaoke,android-volley,4270,0,2013-05-21T05:35:26Z,https://github.com/mcxiaoke/android-volley
camunda,camunda-bpm-platform,4265,0,2013-01-03T10:10:31Z,https://github.com/camunda/camunda-bpm-platform
ongakuer,CircleIndicator,4265,7,2014-07-30T14:02:56Z,https://github.com/ongakuer/CircleIndicator
grantland,android-autofittextview,4259,1,2011-02-14T06:00:52Z,https://github.com/grantland/android-autofittextview
aporter,coursera-android,4256,0,2014-01-05T09:55:31Z,https://github.com/aporter/coursera-android
nining377,dolby_beta,4255,37,2020-05-19T12:13:36Z,https://github.com/nining377/dolby_beta
microsoft,malmo,4252,21,2016-05-17T14:58:40Z,https://github.com/microsoft/malmo
mybatis,spring-boot-starter,4248,34,2015-09-25T13:05:15Z,https://github.com/mybatis/spring-boot-starter
zendesk,maxwell,4244,214,2015-02-09T22:06:13Z,https://github.com/zendesk/maxwell
LibrePDF,OpenPDF,4238,87,2016-07-11T15:50:34Z,https://github.com/LibrePDF/OpenPDF
JetBrains,fernflower,4232,0,2014-10-03T05:00:15Z,https://github.com/JetBrains/fernflower
jboss-javassist,javassist,4227,24,2013-05-24T08:31:32Z,https://github.com/jboss-javassist/javassist
dromara,hmily,4219,0,2017-09-28T06:29:01Z,https://github.com/dromara/hmily
jishenghua,jshERP,4207,6,2016-09-20T04:51:39Z,https://github.com/jishenghua/jshERP
ChadCSong,ShineButton,4201,2,2016-07-05T06:32:26Z,https://github.com/ChadCSong/ShineButton
yhaolpz,FloatWindow,4198,9,2017-11-14T14:33:55Z,https://github.com/yhaolpz/FloatWindow
aws,aws-sdk-java,4197,0,2010-03-22T23:34:58Z,https://github.com/aws/aws-sdk-java
syncthing,syncthing-android,4189,332,2014-02-22T17:15:19Z,https://github.com/syncthing/syncthing-android
powermock,powermock,4183,16,2014-05-28T07:53:53Z,https://github.com/powermock/powermock
Jacksgong,JKeyboardPanelSwitch,4181,14,2015-07-01T17:42:01Z,https://github.com/Jacksgong/JKeyboardPanelSwitch
hugeterry,CoordinatorTabLayout,4179,0,2017-01-27T13:40:28Z,https://github.com/hugeterry/CoordinatorTabLayout
codingapi,tx-lcn,4179,14,2017-11-11T03:34:34Z,https://github.com/codingapi/tx-lcn
jMonkeyEngine,jmonkeyengine,4178,82,2014-03-20T22:29:28Z,https://github.com/jMonkeyEngine/jmonkeyengine
oddfar,campus-imaotai,4177,11,2023-07-07T10:37:13Z,https://github.com/oddfar/campus-imaotai
googlesamples,mlkit,4176,1,2020-05-28T21:40:38Z,https://github.com/googlesamples/mlkit
bingoogolapple,BGABanner-Android,4166,0,2014-10-25T17:15:18Z,https://github.com/bingoogolapple/BGABanner-Android
pedrovgs,AndroidWiFiADB,4155,8,2015-10-18T21:58:45Z,https://github.com/pedrovgs/AndroidWiFiADB
lilishop,lilishop,4149,3,2021-05-14T01:28:51Z,https://github.com/lilishop/lilishop
JFormDesigner,FlatLaf,4146,90,2019-08-19T10:27:05Z,https://github.com/JFormDesigner/FlatLaf
gh0stkey,HaE,4139,88,2020-03-24T10:12:50Z,https://github.com/gh0stkey/HaE
lukas-krecan,ShedLock,4134,0,2016-12-11T13:53:59Z,https://github.com/lukas-krecan/ShedLock
pqpo,SmartCropper,4127,13,2017-08-03T11:08:41Z,https://github.com/pqpo/SmartCropper
bitcoin-wallet,bitcoin-wallet,4117,0,2012-03-31T17:06:47Z,https://github.com/bitcoin-wallet/bitcoin-wallet
dinuscxj,LoadingDrawable,4106,0,2016-04-16T07:33:57Z,https://github.com/dinuscxj/LoadingDrawable
DTStack,chunjun,4104,31,2018-04-03T12:44:58Z,https://github.com/DTStack/chunjun
alibaba,Tangram-Android,4103,38,2017-03-29T13:29:57Z,https://github.com/alibaba/Tangram-Android
code4craft,tiny-spring,4089,0,2014-01-10T16:37:57Z,https://github.com/code4craft/tiny-spring
qunarcorp,bistoury,4089,8,2019-08-01T07:54:25Z,https://github.com/qunarcorp/bistoury
Manabu-GT,ExpandableTextView,4074,4,2014-05-17T19:40:15Z,https://github.com/Manabu-GT/ExpandableTextView
oblac,jodd,4072,37,2012-09-07T20:26:48Z,https://github.com/oblac/jodd
camunda,camunda,4070,575,2016-03-20T03:38:04Z,https://github.com/camunda/camunda
jetty,jetty.project,4069,146,2011-07-14T01:11:57Z,https://github.com/jetty/jetty.project
rubensousa,ViewPagerCards,4069,0,2016-08-20T15:24:12Z,https://github.com/rubensousa/ViewPagerCards
RipMeApp,ripme,4068,145,2017-01-06T17:12:09Z,https://github.com/RipMeApp/ripme
Creators-of-Create,Create,4065,5,2019-07-18T08:27:10Z,https://github.com/Creators-of-Create/Create
tronprotocol,java-tron,4053,82,2017-12-26T10:20:38Z,https://github.com/tronprotocol/java-tron
knowm,XChange,4051,0,2012-02-02T10:48:28Z,https://github.com/knowm/XChange
freeplane,freeplane,4047,58,2012-09-13T08:55:51Z,https://github.com/freeplane/freeplane
luckybilly,CC,4042,0,2017-11-23T16:26:33Z,https://github.com/luckybilly/CC
orhanobut,hawk,4042,22,2015-02-19T22:25:23Z,https://github.com/orhanobut/hawk
uber,NullAway,4034,38,2017-09-01T17:35:57Z,https://github.com/uber/NullAway
xcltapestry,XCL-Charts,4022,0,2014-06-09T15:44:50Z,https://github.com/xcltapestry/XCL-Charts
oldmanpushcart,greys-anatomy,4016,0,2012-11-21T19:39:35Z,https://github.com/oldmanpushcart/greys-anatomy
jbloch,effective-java-3e-source-code,4013,0,2018-08-03T20:48:35Z,https://github.com/jbloch/effective-java-3e-source-code
BoltsFramework,Bolts-Android,4012,11,2014-01-30T04:58:14Z,https://github.com/BoltsFramework/Bolts-Android
mouredev,hello-java,4007,0,2025-03-25T11:15:12Z,https://github.com/mouredev/hello-java
awaitility,awaitility,4006,0,2010-01-22T15:12:52Z,https://github.com/awaitility/awaitility
NotFound9,interviewGuide,3996,0,2016-04-20T07:17:09Z,https://github.com/NotFound9/interviewGuide
makovkastar,FloatingActionButton,3991,0,2014-07-22T13:29:55Z,https://github.com/makovkastar/FloatingActionButton
lcodecorex,TwinklingRefreshLayout,3990,0,2016-03-02T12:11:56Z,https://github.com/lcodecorex/TwinklingRefreshLayout
JeremyLiao,LiveEventBus,3989,0,2018-07-11T07:36:59Z,https://github.com/JeremyLiao/LiveEventBus
Yalantis,Phoenix,3986,1,2015-01-12T14:11:20Z,https://github.com/Yalantis/Phoenix
Piasy,BigImageViewer,3986,0,2016-11-06T09:55:02Z,https://github.com/Piasy/BigImageViewer
fishercoder1534,Leetcode,3983,0,2016-07-31T05:28:15Z,https://github.com/fishercoder1534/Leetcode
pingfangushi,screw,3972,0,2020-06-21T11:37:06Z,https://github.com/pingfangushi/screw
mercyblitz,tech-weekly,3971,0,2018-12-03T03:10:52Z,https://github.com/mercyblitz/tech-weekly
Dimezis,BlurView,3971,32,2016-04-21T16:00:07Z,https://github.com/Dimezis/BlurView
qstumn,BadgeView,3969,5,2017-02-08T02:01:39Z,https://github.com/qstumn/BadgeView
rovo89,XposedInstaller,3970,0,2012-04-02T20:33:05Z,https://github.com/rovo89/XposedInstaller
zzhoujay,RichText,3967,0,2015-07-21T09:36:01Z,https://github.com/zzhoujay/RichText
google,bundletool,3964,65,2018-05-04T07:24:09Z,https://github.com/google/bundletool
shuzijun,leetcode-editor,3960,59,2019-03-19T16:32:17Z,https://github.com/shuzijun/leetcode-editor
binIoter,GuideView,3951,0,2016-06-19T08:52:25Z,https://github.com/binIoter/GuideView
kubernetes-client,java,3951,58,2017-05-08T21:52:58Z,https://github.com/kubernetes-client/java
linyiqun,DataMiningAlgorithm,3951,0,2015-01-11T02:50:28Z,https://github.com/linyiqun/DataMiningAlgorithm
promeG,TinyPinyin,3943,2,2015-09-30T03:24:50Z,https://github.com/promeG/TinyPinyin
JoanZapata,android-iconify,3931,0,2013-06-12T11:42:01Z,https://github.com/JoanZapata/android-iconify
VaughnVernon,IDDD_Samples,3923,0,2013-04-08T22:12:57Z,https://github.com/VaughnVernon/IDDD_Samples
rengwuxian,RxJavaSamples,3919,3,2016-03-24T13:08:10Z,https://github.com/rengwuxian/RxJavaSamples
sofastack,sofa-rpc,3921,66,2018-04-09T03:32:04Z,https://github.com/sofastack/sofa-rpc
emanuele-f,PCAPdroid,3906,68,2020-01-06T18:11:27Z,https://github.com/emanuele-f/PCAPdroid
amirzaidi,Launcher3,3904,22,2017-05-30T12:53:32Z,https://github.com/amirzaidi/Launcher3
shopizer-ecommerce,shopizer,3901,18,2012-11-21T03:42:39Z,https://github.com/shopizer-ecommerce/shopizer
databricks,learning-spark,3900,0,2014-06-16T04:47:54Z,https://github.com/databricks/learning-spark
bluelinelabs,Conductor,3900,36,2016-03-16T18:42:41Z,https://github.com/bluelinelabs/Conductor
Exrick,xboot,3895,6,2018-04-23T14:44:18Z,https://github.com/Exrick/xboot
RikkaApps,Sui,3894,21,2021-01-03T08:26:16Z,https://github.com/RikkaApps/Sui
JavaNoober,BackgroundLibrary,3892,13,2018-09-09T08:52:45Z,https://github.com/JavaNoober/BackgroundLibrary
alibaba,jstorm,3886,22,2013-09-03T03:53:16Z,https://github.com/alibaba/jstorm
ZHENFENG13,My-Blog,3885,0,2019-03-04T09:17:00Z,https://github.com/ZHENFENG13/My-Blog
vipulasri,Timeline-View,3882,15,2015-12-15T14:55:04Z,https://github.com/vipulasri/Timeline-View
react-native-share,react-native-share,3880,145,2015-09-30T02:27:34Z,https://github.com/react-native-share/react-native-share
wendux,DSBridge-Android,3879,2,2017-01-02T11:58:53Z,https://github.com/wendux/DSBridge-Android
watabou,pixel-dungeon,3866,0,2014-07-26T17:34:32Z,https://github.com/watabou/pixel-dungeon
yacy,yacy_search_server,3864,0,2015-03-22T12:54:20Z,https://github.com/yacy/yacy_search_server
yanzhenjie,AndServer,3859,1,2016-06-14T00:52:52Z,https://github.com/yanzhenjie/AndServer
NotHarshhaa,DevOps-Projects,3858,0,2023-08-09T04:19:38Z,https://github.com/NotHarshhaa/DevOps-Projects
uncle-novel,uncle-novel,3856,1,2018-12-11T12:15:30Z,https://github.com/uncle-novel/uncle-novel
spotbugs,spotbugs,3855,73,2016-11-04T22:18:08Z,https://github.com/spotbugs/spotbugs
RoaringBitmap,RoaringBitmap,3851,47,2013-06-17T20:29:23Z,https://github.com/RoaringBitmap/RoaringBitmap
MovingBlocks,Terasology,3847,70,2011-03-04T03:49:19Z,https://github.com/MovingBlocks/Terasology
timehop,sticky-headers-recyclerview,3836,0,2014-10-03T01:57:46Z,https://github.com/timehop/sticky-headers-recyclerview
aurelhubert,ahbottomnavigation,3826,14,2016-03-17T12:17:56Z,https://github.com/aurelhubert/ahbottomnavigation
MiguelCatalan,MaterialSearchView,3821,6,2015-09-14T17:13:46Z,https://github.com/MiguelCatalan/MaterialSearchView
JCTools,JCTools,3817,19,2013-11-10T18:04:40Z,https://github.com/JCTools/JCTools
happydog-intj,CircleProgress,3813,0,2014-10-30T16:14:42Z,https://github.com/happydog-intj/CircleProgress
FCL-Team,FoldCraftLauncher,3809,151,2022-10-19T10:12:18Z,https://github.com/FCL-Team/FoldCraftLauncher
sofastack,sofa-jraft,3800,32,2019-03-04T10:13:43Z,https://github.com/sofastack/sofa-jraft
blossom-editor,blossom,3794,19,2023-08-07T03:02:17Z,https://github.com/blossom-editor/blossom
rbmonster,learning-note,3792,0,2020-06-15T16:47:25Z,https://github.com/rbmonster/learning-note
sunfusheng,MarqueeView,3790,0,2016-06-01T06:50:46Z,https://github.com/sunfusheng/MarqueeView
mcxtzhang,SwipeDelMenuLayout,3790,2,2016-08-25T08:10:45Z,https://github.com/mcxtzhang/SwipeDelMenuLayout
tchiotludo,akhq,3786,43,2018-09-09T19:35:39Z,https://github.com/tchiotludo/akhq
zhpanvip,BannerViewPager,3780,59,2017-03-28T09:11:11Z,https://github.com/zhpanvip/BannerViewPager
helidon-io,helidon,3774,139,2018-08-27T11:03:52Z,https://github.com/helidon-io/helidon
mpusher,mpush,3771,9,2016-04-28T01:43:19Z,https://github.com/mpusher/mpush
lygttpod,SuperTextView,3768,39,2016-10-19T04:06:54Z,https://github.com/lygttpod/SuperTextView
apache,kylin,3766,2,2015-01-03T08:00:05Z,https://github.com/apache/kylin
portfolio-performance,portfolio,3766,265,2012-03-24T09:43:08Z,https://github.com/portfolio-performance/portfolio
yanzhenjie,NoHttp,3764,0,2015-07-29T06:11:12Z,https://github.com/yanzhenjie/NoHttp
CameraKit,blurkit-android,3763,3,2016-11-06T03:14:58Z,https://github.com/CameraKit/blurkit-android
Ereza,CustomActivityOnCrash,3760,12,2014-07-04T19:46:21Z,https://github.com/Ereza/CustomActivityOnCrash
Atmosphere,atmosphere,3750,29,2010-06-30T14:26:23Z,https://github.com/Atmosphere/atmosphere
jtablesaw,tablesaw,3747,84,2016-01-01T14:58:28Z,https://github.com/jtablesaw/tablesaw
Netflix,maestro,3747,0,2024-04-17T01:15:56Z,https://github.com/Netflix/maestro
undertow-io,undertow,3746,18,2012-07-19T00:52:44Z,https://github.com/undertow-io/undertow
roboguice,roboguice,3738,0,2012-08-12T20:37:19Z,https://github.com/roboguice/roboguice
DependencyTrack,dependency-track,3735,76,2013-07-16T19:16:43Z,https://github.com/DependencyTrack/dependency-track
coderbruis,JavaSourceCodeLearning,3730,0,2020-06-02T13:34:20Z,https://github.com/coderbruis/JavaSourceCodeLearning
lihangleo2,ShadowLayout,3730,32,2019-07-09T07:17:06Z,https://github.com/lihangleo2/ShadowLayout
andOTP,andOTP,3726,38,2017-07-05T11:39:52Z,https://github.com/andOTP/andOTP
stfalcon-studio,ChatKit,3724,1,2017-02-02T09:37:15Z,https://github.com/stfalcon-studio/ChatKit
ethanhua,Skeleton,3723,0,2017-07-30T06:42:39Z,https://github.com/ethanhua/Skeleton
HelloWorld521,Java,3722,0,2016-12-08T14:01:46Z,https://github.com/HelloWorld521/Java
OpenHFT,Chronicle-Queue,3717,540,2013-06-02T15:11:33Z,https://github.com/OpenHFT/Chronicle-Queue
DataLinkDC,dinky,3718,32,2021-06-09T07:11:26Z,https://github.com/DataLinkDC/dinky
willowtreeapps,spruce-android,3711,3,2017-02-23T20:34:18Z,https://github.com/willowtreeapps/spruce-android
liuyubobobo,Play-with-Algorithms,3710,0,2016-07-05T18:16:22Z,https://github.com/liuyubobobo/Play-with-Algorithms
grpc-ecosystem,grpc-spring,3706,34,2016-12-30T09:06:15Z,https://github.com/grpc-ecosystem/grpc-spring
ByteLegend,ByteLegend,3705,0,2021-02-01T10:11:30Z,https://github.com/ByteLegend/ByteLegend
dromara,liteflow,3703,0,2020-03-25T16:49:22Z,https://github.com/dromara/liteflow
IrisShaders,Iris,3702,140,2020-10-22T20:21:12Z,https://github.com/IrisShaders/Iris
FasterXML,jackson-databind,3701,0,2011-12-23T07:17:41Z,https://github.com/FasterXML/jackson-databind
ryanhoo,StylishMusicPlayer,3698,0,2016-09-13T14:38:32Z,https://github.com/ryanhoo/StylishMusicPlayer
dingjikerbo,Android-BluetoothKit,3699,0,2015-10-08T09:07:33Z,https://github.com/dingjikerbo/Android-BluetoothKit
microservices-patterns,ftgo-application,3698,0,2017-10-23T04:30:04Z,https://github.com/microservices-patterns/ftgo-application
springdoc,springdoc-openapi,3694,103,2019-07-11T23:08:20Z,https://github.com/springdoc/springdoc-openapi
1024-lab,smart-admin,3693,24,2019-11-16T02:30:31Z,https://github.com/1024-lab/smart-admin
Haleydu,Cimoc,3684,61,2020-07-09T03:09:02Z,https://github.com/Haleydu/Cimoc
Mojang,brigadier,3683,3,2014-09-15T08:48:24Z,https://github.com/Mojang/brigadier
apache,tika,3682,0,2009-05-21T02:12:11Z,https://github.com/apache/tika
linkedin,databus,3679,0,2012-12-17T17:49:17Z,https://github.com/linkedin/databus
networknt,light-4j,3679,195,2016-09-09T22:28:14Z,https://github.com/networknt/light-4j
apache,incubator-heron,3673,56,2015-09-25T16:09:24Z,https://github.com/apache/incubator-heron
mbechler,marshalsec,3670,0,2017-05-22T11:43:57Z,https://github.com/mbechler/marshalsec
lisawray,groupie,3670,28,2016-09-01T20:59:35Z,https://github.com/lisawray/groupie
yangfuhai,ASimpleCache,3665,0,2013-07-28T13:50:59Z,https://github.com/yangfuhai/ASimpleCache
spring-io,initializr,3664,19,2013-06-07T16:02:22Z,https://github.com/spring-io/initializr
google,rejoiner,3664,3,2017-12-06T19:09:53Z,https://github.com/google/rejoiner
KunMinX,Linkage-RecyclerView,3655,0,2019-04-22T04:39:46Z,https://github.com/KunMinX/Linkage-RecyclerView
TNG,ArchUnit,3651,43,2017-04-21T08:39:20Z,https://github.com/TNG/ArchUnit
huburt-Hu,NewbieGuide,3645,20,2017-07-28T06:54:05Z,https://github.com/huburt-Hu/NewbieGuide
fabric8io,kubernetes-client,3641,131,2015-07-09T15:43:13Z,https://github.com/fabric8io/kubernetes-client
termux,termux-api,3638,53,2015-07-03T00:57:59Z,https://github.com/termux/termux-api
dropbox,hackpad,3633,0,2015-08-14T02:32:17Z,https://github.com/dropbox/hackpad
fyhertz,libstreaming,3632,0,2013-01-30T21:24:47Z,https://github.com/fyhertz/libstreaming
oasisfeng,island,3631,50,2016-04-23T11:30:18Z,https://github.com/oasisfeng/island
anggrayudi,android-hidden-api,3629,2,2015-09-16T11:58:33Z,https://github.com/anggrayudi/android-hidden-api
spockframework,spock,3629,28,2010-12-12T19:02:34Z,https://github.com/spockframework/spock
litesuits,android-common,3629,0,2014-05-29T08:08:00Z,https://github.com/litesuits/android-common
alibaba,Alink,3618,22,2018-09-30T06:36:11Z,https://github.com/alibaba/Alink
PlexPt,chatgpt-java,3612,24,2022-12-07T04:55:33Z,https://github.com/PlexPt/chatgpt-java
dtinit,data-transfer-project,3610,61,2018-01-04T21:27:57Z,https://github.com/dtinit/data-transfer-project
googlemaps,android-maps-utils,3606,63,2013-05-17T00:08:48Z,https://github.com/googlemaps/android-maps-utils
BoCloud,folib,3606,1,2025-07-09T06:22:58Z,https://github.com/BoCloud/folib
hmkcode,Android,3605,0,2013-09-02T16:12:28Z,https://github.com/hmkcode/Android
rockerhieu,emojicon,3606,2,2014-01-18T12:32:38Z,https://github.com/rockerhieu/emojicon
Nekogram,Nekogram,3594,46,2023-09-10T07:07:51Z,https://github.com/Nekogram/Nekogram
cSploit,android,3592,33,2014-10-04T05:53:29Z,https://github.com/cSploit/android
apache,logging-log4j2,3590,18,2013-06-12T07:00:19Z,https://github.com/apache/logging-log4j2
vert-x3,vertx-examples,3586,0,2015-02-24T17:42:44Z,https://github.com/vert-x3/vertx-examples
tyrantgit,ExplosionField,3584,0,2015-09-23T11:34:50Z,https://github.com/tyrantgit/ExplosionField
WVector,AppUpdate,3582,3,2017-06-19T09:38:42Z,https://github.com/WVector/AppUpdate
kikoso,android-stackblur,3578,0,2013-08-15T14:44:32Z,https://github.com/kikoso/android-stackblur
AxonFramework,AxonFramework,3571,150,2011-12-02T16:04:42Z,https://github.com/AxonFramework/AxonFramework
davideas,FlexibleAdapter,3569,31,2015-05-02T22:00:43Z,https://github.com/davideas/FlexibleAdapter
dongjunkun,DropDownMenu,3567,2,2015-06-23T07:43:56Z,https://github.com/dongjunkun/DropDownMenu
LinShunKang,MyPerf4J,3565,25,2018-03-11T09:58:44Z,https://github.com/LinShunKang/MyPerf4J
JakeWharton,ThreeTenABP,3559,0,2015-07-03T17:35:09Z,https://github.com/JakeWharton/ThreeTenABP
M66B,NetGuard,3558,165,2015-10-24T17:59:20Z,https://github.com/M66B/NetGuard
code4craft,netty-learning,3553,0,2013-09-19T02:24:25Z,https://github.com/code4craft/netty-learning
bilibili,MagicaSakura,3551,3,2016-06-23T07:54:59Z,https://github.com/bilibili/MagicaSakura
immutables,immutables,3552,21,2013-07-07T13:48:23Z,https://github.com/immutables/immutables
dariuszseweryn,RxAndroidBle,3551,60,2016-02-04T13:42:02Z,https://github.com/dariuszseweryn/RxAndroidBle
Netflix,concurrency-limits,3551,103,2017-12-11T19:32:41Z,https://github.com/Netflix/concurrency-limits
johncarl81,parceler,3538,0,2013-07-03T02:53:01Z,https://github.com/johncarl81/parceler
Aefyr,SAI,3535,45,2018-12-14T19:22:27Z,https://github.com/Aefyr/SAI
Guardsquare,proguard,3535,37,2019-03-27T16:35:35Z,https://github.com/Guardsquare/proguard
spring-cloud,spring-cloud-kubernetes,3532,40,2016-12-13T21:36:25Z,https://github.com/spring-cloud/spring-cloud-kubernetes
nageoffer,12306,3533,0,2023-05-30T04:08:28Z,https://github.com/nageoffer/12306
arimorty,floatingsearchview,3530,0,2015-11-22T02:38:32Z,https://github.com/arimorty/floatingsearchview
luontola,retrolambda,3527,0,2013-07-20T07:25:22Z,https://github.com/luontola/retrolambda
rom1v,sndcpy,3521,2,2020-06-09T19:36:57Z,https://github.com/rom1v/sndcpy
andremion,Music-Player,3519,2,2016-05-06T21:55:37Z,https://github.com/andremion/Music-Player
lenve,JavaEETest,3514,0,2016-12-13T02:13:58Z,https://github.com/lenve/JavaEETest
eclipse-openj9,openj9,3508,57,2017-08-25T13:46:07Z,https://github.com/eclipse-openj9/openj9
lsjwzh,RecyclerViewPager,3506,10,2015-01-17T18:30:34Z,https://github.com/lsjwzh/RecyclerViewPager
nytimes,Store,3504,0,2016-11-29T20:17:11Z,https://github.com/nytimes/Store
Athou,commafeed,3501,66,2013-03-20T19:32:09Z,https://github.com/Athou/commafeed
codeestX,GeekNews,3498,0,2016-08-07T14:56:56Z,https://github.com/codeestX/GeekNews
baoyongzhang,SwipeMenuListView,3496,2,2014-08-24T15:40:45Z,https://github.com/baoyongzhang/SwipeMenuListView
apache,incubator-kie-optaplanner,3490,6,2011-02-15T19:38:23Z,https://github.com/apache/incubator-kie-optaplanner
getActivity,Toaster,3483,38,2018-09-16T05:28:57Z,https://github.com/getActivity/Toaster
KingJA,LoadSir,3482,6,2017-09-02T08:32:15Z,https://github.com/KingJA/LoadSir
snehasishroy,leetcode-companywise-interview-questions,3479,0,2022-12-03T20:00:54Z,https://github.com/snehasishroy/leetcode-companywise-interview-questions
phodal,migration,3476,0,2020-01-08T02:11:38Z,https://github.com/phodal/migration
ittianyu,BottomNavigationViewEx,3475,19,2016-11-12T08:39:38Z,https://github.com/ittianyu/BottomNavigationViewEx
WinterChenS,my-site,3473,0,2018-05-03T09:05:37Z,https://github.com/WinterChenS/my-site
