name,stars,url,created_at
Snailclimb/JavaGuide,154478,https://github.com/Snailclimb/JavaGuide.git,2018-05-07T13:27:00Z
krahets/hello-algo,123957,https://github.com/krahets/hello-algo.git,2022-11-04T11:08:34Z
GrowingGit/GitHub-Chinese-Top-Charts,107092,https://github.com/GrowingGit/GitHub-Chinese-Top-Charts.git,2019-09-05T03:01:56Z
iluwatar/java-design-patterns,93836,https://github.com/iluwatar/java-design-patterns.git,2014-08-09T16:45:18Z
macrozheng/mall,83242,https://github.com/macrozheng/mall.git,2018-04-04T01:11:44Z
spring-projects/spring-boot,80310,https://github.com/spring-projects/spring-boot.git,2012-10-19T15:02:57Z
doocs/advanced-java,78917,https://github.com/doocs/advanced-java.git,2018-10-06T11:38:30Z
MisterBooo/LeetCodeAnimation,76700,https://github.com/MisterBooo/LeetCodeAnimation.git,2018-12-06T08:01:22Z
elastic/elasticsearch,76396,https://github.com/elastic/elasticsearch.git,2010-02-08T13:20:56Z
NationalSecurityAgency/ghidra,66158,https://github.com/NationalSecurityAgency/ghidra.git,2019-03-01T03:27:48Z
TheAlgorithms/Java,65280,https://github.com/TheAlgorithms/Java.git,2016-07-16T10:21:02Z
kdn251/interviews,64937,https://github.com/kdn251/interviews.git,2017-02-14T18:19:25Z
spring-projects/spring-framework,59788,https://github.com/spring-projects/spring-framework.git,2010-12-08T04:04:45Z
termux/termux-app,52485,https://github.com/termux/termux-app.git,2015-10-23T09:42:46Z
google/guava,51504,https://github.com/google/guava.git,2014-05-29T16:23:17Z
dbeaver/dbeaver,49282,https://github.com/dbeaver/dbeaver.git,2015-10-21T08:26:28Z
ReactiveX/RxJava,48468,https://github.com/ReactiveX/RxJava.git,2013-01-08T20:11:48Z
skylot/jadx,47790,https://github.com/skylot/jadx.git,2013-03-18T17:08:21Z
jeecgboot/JeecgBoot,45570,https://github.com/jeecgboot/JeecgBoot.git,2018-11-26T10:40:00Z
apache/dubbo,41711,https://github.com/apache/dubbo.git,2012-06-19T07:56:02Z
PhilJay/MPAndroidChart,38227,https://github.com/PhilJay/MPAndroidChart.git,2014-04-25T14:29:47Z
halo-dev/halo,38148,https://github.com/halo-dev/halo.git,2018-03-21T12:56:52Z
TeamNewPipe/NewPipe,37652,https://github.com/TeamNewPipe/NewPipe.git,2015-09-03T23:39:26Z
eugenp/tutorials,37350,https://github.com/eugenp/tutorials.git,2013-04-29T18:26:36Z
alibaba/arthas,37213,https://github.com/alibaba/arthas.git,2018-08-29T17:15:57Z
geekxh/hello-algorithm,36035,https://github.com/geekxh/hello-algorithm.git,2020-05-29T05:47:09Z
YunaiV/ruoyi-vue-pro,36024,https://github.com/YunaiV/ruoyi-vue-pro.git,2021-01-24T03:18:25Z
doocs/leetcode,35822,https://github.com/doocs/leetcode.git,2018-09-16T14:03:03Z
airbnb/lottie-android,35602,https://github.com/airbnb/lottie-android.git,2016-10-06T22:42:42Z
ashishps1/awesome-system-design-resources,35525,https://github.com/ashishps1/awesome-system-design-resources.git,2023-10-25T01:50:42Z
bumptech/glide,35031,https://github.com/bumptech/glide.git,2013-07-08T22:52:33Z
netty/netty,34900,https://github.com/netty/netty.git,2010-11-09T09:22:21Z
SeleniumHQ/selenium,34177,https://github.com/SeleniumHQ/selenium.git,2013-01-14T21:40:56Z
xkcoding/spring-boot-demo,34112,https://github.com/xkcoding/spring-boot-demo.git,2017-11-10T06:27:29Z
zxing/zxing,33901,https://github.com/zxing/zxing.git,2011-10-12T14:07:27Z
alibaba/easyexcel,33770,https://github.com/alibaba/easyexcel.git,2018-02-06T03:14:08Z
Blankj/AndroidUtilCode,33706,https://github.com/Blankj/AndroidUtilCode.git,2016-07-30T18:18:32Z
keycloak/keycloak,33570,https://github.com/keycloak/keycloak.git,2013-07-02T13:38:51Z
alibaba/nacos,32764,https://github.com/alibaba/nacos.git,2018-06-15T06:49:27Z
binarywang/WxJava,32671,https://github.com/binarywang/WxJava.git,2016-01-06T08:24:05Z
apache/kafka,32228,https://github.com/apache/kafka.git,2011-08-15T18:06:16Z
conductor-oss/conductor,31567,https://github.com/conductor-oss/conductor.git,2023-12-08T06:06:09Z
ityouknow/spring-boot-examples,30640,https://github.com/ityouknow/spring-boot-examples.git,2016-11-05T05:32:33Z
chinabugotech/hutool,30332,https://github.com/chinabugotech/hutool.git,2014-04-13T07:23:51Z
xuxueli/xxl-job,29994,https://github.com/xuxueli/xxl-job.git,2015-11-28T12:59:34Z
apolloconfig/apollo,29768,https://github.com/apolloconfig/apollo.git,2016-03-04T10:24:23Z
alibaba/canal,29644,https://github.com/alibaba/canal.git,2013-01-13T10:59:52Z
alibaba/spring-cloud-alibaba,29082,https://github.com/alibaba/spring-cloud-alibaba.git,2017-12-01T20:49:15Z
yuliskov/SmartTube,29082,https://github.com/yuliskov/SmartTube.git,2020-07-28T12:53:52Z
wuyouzhuguli/SpringAll,29011,https://github.com/wuyouzhuguli/SpringAll.git,2018-05-02T02:48:44Z
DrKLO/Telegram,28758,https://github.com/DrKLO/Telegram.git,2013-10-25T14:08:10Z
alibaba/druid,28217,https://github.com/alibaba/druid.git,2011-11-03T05:12:51Z
lenve/vhr,28098,https://github.com/lenve/vhr.git,2018-01-04T08:57:51Z
Anuken/Mindustry,27028,https://github.com/Anuken/Mindustry.git,2017-04-30T01:24:29Z
crossoverJie/JCSprout,27002,https://github.com/crossoverJie/JCSprout.git,2017-12-17T09:06:50Z
qiurunze123/miaosha,26604,https://github.com/qiurunze123/miaosha.git,2018-09-14T04:36:24Z
kestra-io/kestra,26592,https://github.com/kestra-io/kestra.git,2019-08-24T13:56:15Z
OpenAPITools/openapi-generator,26024,https://github.com/OpenAPITools/openapi-generator.git,2018-05-12T09:57:56Z
apache/incubator-seata,25966,https://github.com/apache/incubator-seata.git,2018-12-28T08:37:22Z
apache/flink,25894,https://github.com/apache/flink.git,2014-06-07T07:00:10Z
alibaba/fastjson,25702,https://github.com/alibaba/fastjson.git,2011-11-03T06:58:52Z
hollischuang/toBeTopJavaer,25458,https://github.com/hollischuang/toBeTopJavaer.git,2018-10-25T09:54:54Z
JakeWharton/butterknife,25413,https://github.com/JakeWharton/butterknife.git,2013-03-05T08:18:59Z
CodePhiliaX/Chat2DB,25283,https://github.com/CodePhiliaX/Chat2DB.git,2023-06-20T14:05:26Z
bazelbuild/bazel,25262,https://github.com/bazelbuild/bazel.git,2014-06-12T16:00:38Z
scwang90/SmartRefreshLayout,25174,https://github.com/scwang90/SmartRefreshLayout.git,2017-06-02T09:52:50Z
jenkinsci/jenkins,25129,https://github.com/jenkinsci/jenkins.git,2010-11-22T21:21:23Z
libgdx/libgdx,24947,https://github.com/libgdx/libgdx.git,2012-08-10T19:34:38Z
proxyee-down-org/proxyee-down,24787,https://github.com/proxyee-down-org/proxyee-down.git,2017-10-25T10:07:27Z
apache/skywalking,24761,https://github.com/apache/skywalking.git,2015-11-07T03:30:36Z
greenrobot/EventBus,24748,https://github.com/greenrobot/EventBus.git,2012-07-16T16:55:40Z
Netflix/Hystrix,24467,https://github.com/Netflix/Hystrix.git,2012-11-19T20:14:46Z
google/gson,24347,https://github.com/google/gson.git,2015-03-19T18:21:20Z
redisson/redisson,24276,https://github.com/redisson/redisson.git,2014-01-11T14:06:25Z
iBotPeaches/Apktool,24141,https://github.com/iBotPeaches/Apktool.git,2012-03-19T17:46:53Z
dataease/dataease,23676,https://github.com/dataease/dataease.git,2021-02-02T04:10:21Z
EnterpriseQualityCoding/FizzBuzzEnterpriseEdition,23568,https://github.com/EnterpriseQualityCoding/FizzBuzzEnterpriseEdition.git,2012-11-24T00:14:41Z
LSPosed/LSPosed,23232,https://github.com/LSPosed/LSPosed.git,2020-12-12T08:39:37Z
doocs/source-code-hunter,23136,https://github.com/doocs/source-code-hunter.git,2019-10-28T01:35:10Z
alibaba/Sentinel,23106,https://github.com/alibaba/Sentinel.git,2018-04-04T06:37:33Z
ashishps1/awesome-low-level-design,22915,https://github.com/ashishps1/awesome-low-level-design.git,2023-11-17T10:15:12Z
openjdk/jdk,22735,https://github.com/openjdk/jdk.git,2018-09-17T12:29:20Z
apache/rocketmq,22387,https://github.com/apache/rocketmq.git,2016-11-30T08:00:08Z
kunal-kushwaha/DSA-Bootcamp-Java,22375,https://github.com/kunal-kushwaha/DSA-Bootcamp-Java.git,2021-07-30T12:23:25Z
google/ExoPlayer,21935,https://github.com/google/ExoPlayer.git,2014-06-13T21:19:18Z
elunez/eladmin,21933,https://github.com/elunez/eladmin.git,2018-12-14T08:54:24Z
oracle/graal,21530,https://github.com/oracle/graal.git,2016-01-14T17:11:35Z
CarGuo/GSYVideoPlayer,21431,https://github.com/CarGuo/GSYVideoPlayer.git,2016-11-13T12:34:31Z
thingsboard/thingsboard,21422,https://github.com/thingsboard/thingsboard.git,2016-12-01T09:33:30Z
brettwooldridge/HikariCP,21076,https://github.com/brettwooldridge/HikariCP.git,2013-10-08T05:43:03Z
apache/shardingsphere,20701,https://github.com/apache/shardingsphere.git,2016-01-18T12:49:26Z
didi/DoKit,20434,https://github.com/didi/DoKit.git,2018-08-14T10:32:07Z
mybatis/mybatis-3,20401,https://github.com/mybatis/mybatis-3.git,2013-02-14T19:03:32Z
linlinjava/litemall,20206,https://github.com/linlinjava/litemall.git,2018-03-22T16:42:30Z
ReactiveX/RxAndroid,20181,https://github.com/ReactiveX/RxAndroid.git,2014-08-19T03:46:38Z
yudaocode/SpringBoot-Labs,20078,https://github.com/yudaocode/SpringBoot-Labs.git,2018-09-12T14:51:46Z
JetBrains/intellij-community,19872,https://github.com/JetBrains/intellij-community.git,2011-09-30T13:33:05Z
dianping/cat,18969,https://github.com/dianping/cat.git,2012-12-05T02:31:48Z
lionsoul2014/ip2region,18869,https://github.com/lionsoul2014/ip2region.git,2015-11-02T00:43:13Z
Baseflow/PhotoView,18858,https://github.com/Baseflow/PhotoView.git,2012-07-17T16:39:00Z
antlr/antlr4,18802,https://github.com/antlr/antlr4.git,2010-02-04T01:36:28Z
YunaiV/yudao-cloud,18709,https://github.com/YunaiV/yudao-cloud.git,2019-05-02T16:06:49Z
dromara/Sa-Token,18707,https://github.com/dromara/Sa-Token.git,2020-02-03T10:34:29Z
williamfiset/Algorithms,18540,https://github.com/williamfiset/Algorithms.git,2017-03-18T02:50:46Z
Tencent/APIJSON,18410,https://github.com/Tencent/APIJSON.git,2016-11-21T12:03:29Z
LMAX-Exchange/disruptor,18273,https://github.com/LMAX-Exchange/disruptor.git,2012-09-21T13:42:24Z
forezp/SpringCloudLearning,17978,https://github.com/forezp/SpringCloudLearning.git,2017-04-08T10:06:56Z
Tencent/tinker,17820,https://github.com/Tencent/tinker.git,2016-09-06T06:57:52Z
ben-manes/caffeine,17573,https://github.com/ben-manes/caffeine.git,2014-12-13T08:45:11Z
infinilabs/analysis-ik,17436,https://github.com/infinilabs/analysis-ik.git,2011-12-16T09:01:45Z
openzipkin/zipkin,17418,https://github.com/openzipkin/zipkin.git,2012-06-06T18:26:16Z
justauth/JustAuth,17417,https://github.com/justauth/JustAuth.git,2019-01-31T09:42:20Z
baomidou/mybatis-plus,17325,https://github.com/baomidou/mybatis-plus.git,2016-08-18T10:06:53Z
gyoogle/tech-interview-for-developer,17231,https://github.com/gyoogle/tech-interview-for-developer.git,2019-06-09T04:42:57Z
material-components/material-components-android,17217,https://github.com/material-components/material-components-android.git,2016-12-05T16:11:29Z
facebook/fresco,17163,https://github.com/facebook/fresco.git,2015-03-02T09:58:04Z
alibaba/DataX,17147,https://github.com/alibaba/DataX.git,2018-01-18T10:09:47Z
nostra13/Android-Universal-Image-Loader,17056,https://github.com/nostra13/Android-Universal-Image-Loader.git,2011-11-27T18:48:23Z
heibaiying/BigData-Notes,16885,https://github.com/heibaiying/BigData-Notes.git,2019-03-10T01:40:01Z
questdb/questdb,16788,https://github.com/questdb/questdb.git,2014-04-28T23:29:15Z
Grasscutters/Grasscutter,16769,https://github.com/Grasscutters/Grasscutter.git,2022-04-17T12:43:46Z
winterbe/java8-tutorial,16768,https://github.com/winterbe/java8-tutorial.git,2014-03-16T17:25:43Z
shuzheng/zheng,16703,https://github.com/shuzheng/zheng.git,2016-10-04T10:07:06Z
prestodb/presto,16667,https://github.com/prestodb/presto.git,2012-08-09T01:03:37Z
JeffLi1993/springboot-learning-example,16595,https://github.com/JeffLi1993/springboot-learning-example.git,2017-02-06T07:02:25Z
neo4j/neo4j,16174,https://github.com/neo4j/neo4j.git,2012-11-12T08:46:15Z
ashishps1/awesome-leetcode-resources,16087,https://github.com/ashishps1/awesome-leetcode-resources.git,2023-10-25T01:48:19Z
android-hacker/VirtualXposed,15988,https://github.com/android-hacker/VirtualXposed.git,2017-12-01T09:00:58Z
dyc87112/SpringBoot-Learning,15794,https://github.com/dyc87112/SpringBoot-Learning.git,2016-08-21T03:39:06Z
android10/Android-CleanArchitecture,15562,https://github.com/android10/Android-CleanArchitecture.git,2014-08-19T14:09:26Z
quarkusio/quarkus,15558,https://github.com/quarkusio/quarkus.git,2018-07-06T00:44:20Z
apache/hadoop,15512,https://github.com/apache/hadoop.git,2014-08-28T07:00:08Z
Konloch/bytecode-viewer,15459,https://github.com/Konloch/bytecode-viewer.git,2014-10-14T10:26:46Z
mockito/mockito,15435,https://github.com/mockito/mockito.git,2012-10-13T20:27:12Z
apache/pulsar,15178,https://github.com/apache/pulsar.git,2016-06-28T07:00:03Z
apache/doris,15154,https://github.com/apache/doris.git,2017-08-10T12:13:30Z
java-decompiler/jd-gui,15056,https://github.com/java-decompiler/jd-gui.git,2015-03-25T05:28:41Z
zhisheng17/flink-learning,15055,https://github.com/zhisheng17/flink-learning.git,2019-01-01T07:38:28Z
supertokens/supertokens-core,14987,https://github.com/supertokens/supertokens-core.git,2020-01-05T13:30:52Z
zaproxy/zaproxy,14908,https://github.com/zaproxy/zaproxy.git,2015-06-03T16:55:01Z
cryptomator/cryptomator,14836,https://github.com/cryptomator/cryptomator.git,2014-02-02T00:43:47Z
elastic/logstash,14816,https://github.com/elastic/logstash.git,2010-11-18T01:31:50Z
theonedev/onedev,14800,https://github.com/theonedev/onedev.git,2018-11-06T02:57:01Z
eclipse-vertx/vert.x,14662,https://github.com/eclipse-vertx/vert.x.git,2011-06-17T14:54:55Z
arduino/Arduino,14552,https://github.com/arduino/Arduino.git,2010-09-17T19:10:36Z
hdodenhof/CircleImageView,14543,https://github.com/hdodenhof/CircleImageView.git,2014-01-17T16:44:46Z
Tencent/QMUI_Android,14522,https://github.com/Tencent/QMUI_Android.git,2017-04-21T10:03:18Z
alibaba/ARouter,14500,https://github.com/alibaba/ARouter.git,2016-12-14T01:27:49Z
GoogleContainerTools/jib,14362,https://github.com/GoogleContainerTools/jib.git,2018-01-22T18:30:43Z
deeplearning4j/deeplearning4j,14214,https://github.com/deeplearning4j/deeplearning4j.git,2013-11-27T02:03:28Z
languagetool-org/languagetool,14214,https://github.com/languagetool-org/languagetool.git,2013-08-08T16:37:22Z
apache/dolphinscheduler,14200,https://github.com/apache/dolphinscheduler.git,2019-03-01T16:39:25Z
DuGuQiuBai/Java,14193,https://github.com/DuGuQiuBai/Java.git,2015-11-25T07:30:08Z
kekingcn/kkFileView,14027,https://github.com/kekingcn/kkFileView.git,2017-12-12T11:41:08Z
Netflix/zuul,13999,https://github.com/Netflix/zuul.git,2013-03-13T18:53:57Z
janishar/mit-deep-learning-book-pdf,13969,https://github.com/janishar/mit-deep-learning-book-pdf.git,2017-04-07T10:46:50Z
apache/druid,13965,https://github.com/apache/druid.git,2012-10-23T19:08:07Z
xpipe-io/xpipe,13910,https://github.com/xpipe-io/xpipe.git,2023-01-27T02:25:38Z
sqshq/piggymetrics,13881,https://github.com/sqshq/piggymetrics.git,2015-03-29T17:56:31Z
orhanobut/logger,13879,https://github.com/orhanobut/logger.git,2015-03-20T22:30:12Z
pinpoint-apm/pinpoint,13815,https://github.com/pinpoint-apm/pinpoint.git,2014-10-20T09:27:22Z
lgvalle/Material-Animations,13799,https://github.com/lgvalle/Material-Animations.git,2015-03-08T20:54:00Z
seaswalker/spring-analysis,13766,https://github.com/seaswalker/spring-analysis.git,2016-09-09T07:46:32Z
JessYanCoding/AndroidAutoSize,13749,https://github.com/JessYanCoding/AndroidAutoSize.git,2018-08-17T09:04:19Z
LuckSiege/PictureSelector,13595,https://github.com/LuckSiege/PictureSelector.git,2017-01-04T07:47:39Z
tink-crypto/tink,13559,https://github.com/tink-crypto/tink.git,2014-06-06T16:21:09Z
Bigkoo/Android-PickerView,13469,https://github.com/Bigkoo/Android-PickerView.git,2014-12-28T01:46:38Z
projectlombok/lombok,13424,https://github.com/projectlombok/lombok.git,2009-06-08T19:46:41Z
macrozheng/mall-learning,13368,https://github.com/macrozheng/mall-learning.git,2019-04-12T13:20:31Z
pxb1988/dex2jar,13100,https://github.com/pxb1988/dex2jar.git,2015-03-16T09:13:07Z
metersphere/metersphere,13045,https://github.com/metersphere/metersphere.git,2020-02-03T02:06:12Z
youth5201314/banner,13040,https://github.com/youth5201314/banner.git,2016-04-22T05:50:25Z
alibaba/COLA,12922,https://github.com/alibaba/COLA.git,2018-02-06T13:46:27Z
macrozheng/mall-swarm,12890,https://github.com/macrozheng/mall-swarm.git,2019-11-25T06:55:31Z
plantuml/plantuml,12830,https://github.com/plantuml/plantuml.git,2010-11-04T15:55:50Z
codecentric/spring-boot-admin,12827,https://github.com/codecentric/spring-boot-admin.git,2014-07-25T11:39:13Z
Netflix/conductor,12788,https://github.com/Netflix/conductor.git,2016-12-07T22:48:42Z
apache/zookeeper,12743,https://github.com/apache/zookeeper.git,2009-03-27T15:41:56Z
google/guice,12732,https://github.com/google/guice.git,2014-05-28T23:18:53Z
microg/GmsCore,12702,https://github.com/microg/GmsCore.git,2014-04-23T19:28:47Z
facebook/stetho,12701,https://github.com/facebook/stetho.git,2015-01-22T22:34:10Z
Netflix/eureka,12696,https://github.com/Netflix/eureka.git,2012-07-26T22:23:07Z
trinodb/trino,12662,https://github.com/trinodb/trino.git,2019-01-19T06:38:14Z
opensearch-project/OpenSearch,12642,https://github.com/opensearch-project/OpenSearch.git,2021-01-29T22:10:00Z
greenrobot/greenDAO,12617,https://github.com/greenrobot/greenDAO.git,2011-10-22T16:15:14Z
zhihu/Matisse,12564,https://github.com/zhihu/Matisse.git,2017-04-13T01:31:05Z
debezium/debezium,12547,https://github.com/debezium/debezium.git,2016-01-22T20:17:05Z
daimajia/AndroidViewAnimations,12473,https://github.com/daimajia/AndroidViewAnimations.git,2014-06-23T03:53:13Z
LawnchairLauncher/lawnchair,12440,https://github.com/LawnchairLauncher/lawnchair.git,2017-03-03T13:12:58Z
pagehelper-org/Mybatis-PageHelper,12384,https://github.com/pagehelper-org/Mybatis-PageHelper.git,2014-06-09T15:32:30Z
daimajia/AndroidSwipeLayout,12382,https://github.com/daimajia/AndroidSwipeLayout.git,2014-08-25T04:09:33Z
redis/jedis,12298,https://github.com/redis/jedis.git,2010-06-11T13:04:43Z
amitshekhariitbhu/android-interview-questions,12291,https://github.com/amitshekhariitbhu/android-interview-questions.git,2017-07-09T18:47:24Z
Team-xManager/xManager,12184,https://github.com/Team-xManager/xManager.git,2021-02-08T11:31:10Z
beemdevelopment/Aegis,12170,https://github.com/beemdevelopment/Aegis.git,2016-08-15T19:10:31Z
Yalantis/uCrop,12120,https://github.com/Yalantis/uCrop.git,2016-01-05T13:41:06Z
PaperMC/Paper,12027,https://github.com/PaperMC/Paper.git,2016-01-22T05:40:19Z
Tencent/matrix,11999,https://github.com/Tencent/matrix.git,2018-12-11T07:08:02Z
grpc/grpc-java,11996,https://github.com/grpc/grpc-java.git,2014-12-08T19:00:00Z
provectus/kafka-ui,11981,https://github.com/provectus/kafka-ui.git,2019-11-26T15:55:55Z
Tencent/VasSonic,11879,https://github.com/Tencent/VasSonic.git,2017-08-01T08:35:13Z
OpenRefine/OpenRefine,11789,https://github.com/OpenRefine/OpenRefine.git,2012-10-15T02:22:48Z
datahub-project/datahub,11719,https://github.com/datahub-project/datahub.git,2015-11-18T05:47:40Z
frank-lam/fullstack-tutorial,11698,https://github.com/frank-lam/fullstack-tutorial.git,2018-04-13T01:50:10Z
code4craft/webmagic,11696,https://github.com/code4craft/webmagic.git,2013-04-23T12:57:36Z
jd-opensource/joyagent-jdgenie,11575,https://github.com/jd-opensource/joyagent-jdgenie.git,2025-07-16T02:59:53Z
newbee-ltd/newbee-mall,11538,https://github.com/newbee-ltd/newbee-mall.git,2019-09-21T03:56:04Z
StarRocks/starrocks,11514,https://github.com/StarRocks/starrocks.git,2021-09-04T02:29:35Z
realm/realm-java,11489,https://github.com/realm/realm-java.git,2012-04-20T09:18:42Z
careercup/CtCI-6th-Edition,11478,https://github.com/careercup/CtCI-6th-Edition.git,2015-07-02T06:28:46Z
gyf-dev/ImmersionBar,11470,https://github.com/gyf-dev/ImmersionBar.git,2017-04-19T05:10:09Z
jhy/jsoup,11357,https://github.com/jhy/jsoup.git,2009-12-19T01:29:58Z
ssssssss-team/spider-flow,11317,https://github.com/ssssssss-team/spider-flow.git,2020-03-27T11:07:15Z
mission-peace/interview,11309,https://github.com/mission-peace/interview.git,2014-07-20T21:27:31Z
apereo/cas,11303,https://github.com/apereo/cas.git,2011-09-09T01:36:42Z
langchain4j/langchain4j,11299,https://github.com/langchain4j/langchain4j.git,2023-06-20T15:30:29Z
permissions-dispatcher/PermissionsDispatcher,11204,https://github.com/permissions-dispatcher/PermissionsDispatcher.git,2015-08-15T21:41:05Z
daniulive/SmarterStreaming,11165,https://github.com/daniulive/SmarterStreaming.git,2016-03-26T14:46:02Z
lingochamp/FileDownloader,11124,https://github.com/lingochamp/FileDownloader.git,2015-12-22T11:17:16Z
H07000223/FlycoTabLayout,11112,https://github.com/H07000223/FlycoTabLayout.git,2015-11-09T01:53:19Z
apple/pkl,11105,https://github.com/apple/pkl.git,2024-01-19T17:28:45Z
jwtk/jjwt,11054,https://github.com/jwtk/jjwt.git,2014-09-13T01:06:24Z
jfeinstein10/SlidingMenu,11025,https://github.com/jfeinstein10/SlidingMenu.git,2012-06-30T05:14:23Z
androidannotations/androidannotations,11008,https://github.com/androidannotations/androidannotations.git,2012-01-06T08:48:03Z
asLody/VirtualApp,10950,https://github.com/asLody/VirtualApp.git,2016-07-06T13:25:23Z
square/javapoet,10859,https://github.com/square/javapoet.git,2013-02-01T16:56:30Z
clojure/clojure,10833,https://github.com/clojure/clojure.git,2010-06-29T20:03:33Z
aosp-mirror/platform_frameworks_base,10823,https://github.com/aosp-mirror/platform_frameworks_base.git,2008-10-21T18:20:37Z
TooTallNate/Java-WebSocket,10801,https://github.com/TooTallNate/Java-WebSocket.git,2010-01-20T23:33:04Z
alibaba/vlayout,10761,https://github.com/alibaba/vlayout.git,2017-02-27T08:11:47Z
zfile-dev/zfile,10711,https://github.com/zfile-dev/zfile.git,2019-08-19T13:57:56Z
iflytek/astron-agent,10688,https://github.com/iflytek/astron-agent.git,2025-09-19T08:46:01Z
android-async-http/android-async-http,10622,https://github.com/android-async-http/android-async-http.git,2011-02-20T03:25:07Z
resilience4j/resilience4j,10605,https://github.com/resilience4j/resilience4j.git,2015-06-03T09:21:01Z
jeasonlzy/okhttp-OkGo,10587,https://github.com/jeasonlzy/okhttp-OkGo.git,2016-01-15T10:35:24Z
google/auto,10557,https://github.com/google/auto.git,2013-05-22T21:41:56Z
Activiti/Activiti,10519,https://github.com/Activiti/Activiti.git,2012-09-13T11:34:43Z
lipangit/JiaoZiVideoPlayer,10504,https://github.com/lipangit/JiaoZiVideoPlayer.git,2016-02-06T11:04:24Z
signalapp/Signal-Server,10458,https://github.com/signalapp/Signal-Server.git,2013-12-09T07:10:36Z
tbruyelle/RxPermissions,10441,https://github.com/tbruyelle/RxPermissions.git,2015-09-29T13:55:09Z
awsdocs/aws-doc-sdk-examples,10384,https://github.com/awsdocs/aws-doc-sdk-examples.git,2016-08-18T19:06:57Z
SonarSource/sonarqube,10364,https://github.com/SonarSource/sonarqube.git,2011-01-05T11:05:17Z
JessYanCoding/MVPArms,10275,https://github.com/JessYanCoding/MVPArms.git,2016-08-06T08:49:56Z
JingMatrix/LSPosed,10265,https://github.com/JingMatrix/LSPosed.git,2023-07-20T18:03:30Z
ZCShou/GoGoGo,10122,https://github.com/ZCShou/GoGoGo.git,2021-12-03T06:59:39Z
JakeWharton/ViewPagerIndicator,10086,https://github.com/JakeWharton/ViewPagerIndicator.git,2011-08-04T17:13:44Z
stanfordnlp/CoreNLP,10063,https://github.com/stanfordnlp/CoreNLP.git,2013-06-27T21:13:49Z
happydog-intj/JsBridge,9930,https://github.com/happydog-intj/JsBridge.git,2015-02-26T12:10:58Z
xuchengsheng/spring-reading,9929,https://github.com/xuchengsheng/spring-reading.git,2023-09-15T06:42:44Z
wasabeef/glide-transformations,9911,https://github.com/wasabeef/glide-transformations.git,2015-01-09T10:33:29Z
googlesamples/easypermissions,9899,https://github.com/googlesamples/easypermissions.git,2015-12-22T18:05:53Z
paascloud/paascloud-master,9886,https://github.com/paascloud/paascloud-master.git,2018-03-17T05:40:43Z
hackware1993/MagicIndicator,9813,https://github.com/hackware1993/MagicIndicator.git,2016-06-26T08:20:43Z
OpenFeign/feign,9787,https://github.com/OpenFeign/feign.git,2013-06-26T23:28:16Z
HarlonWang/AVLoadingIndicatorView,9779,https://github.com/HarlonWang/AVLoadingIndicatorView.git,2015-10-24T20:18:33Z
lihengming/spring-boot-api-project-seed,9714,https://github.com/lihengming/spring-boot-api-project-seed.git,2017-06-23T10:06:30Z
spinnaker/spinnaker,9708,https://github.com/spinnaker/spinnaker.git,2014-07-02T19:02:36Z
YoKeyword/Fragmentation,9707,https://github.com/YoKeyword/Fragmentation.git,2016-02-23T08:54:55Z
apache/cassandra,9676,https://github.com/apache/cassandra.git,2009-05-21T02:10:09Z
perwendel/spark,9664,https://github.com/perwendel/spark.git,2011-05-05T11:52:05Z
koral--/android-gif-drawable,9661,https://github.com/koral--/android-gif-drawable.git,2013-01-30T01:37:46Z
react-native-camera/react-native-camera,9648,https://github.com/react-native-camera/react-native-camera.git,2015-04-01T00:54:40Z
ksoichiro/Android-ObservableScrollView,9626,https://github.com/ksoichiro/Android-ObservableScrollView.git,2014-11-08T14:45:20Z
AutoMQ/automq,9624,https://github.com/AutoMQ/automq.git,2023-08-17T07:50:13Z
flyway/flyway,9621,https://github.com/flyway/flyway.git,2012-12-14T18:43:22Z
bilibili/DanmakuFlameMaster,9613,https://github.com/bilibili/DanmakuFlameMaster.git,2013-08-11T12:18:50Z
seven332/EhViewer,9550,https://github.com/seven332/EhViewer.git,2014-05-14T12:03:52Z
MyCATApache/Mycat-Server,9544,https://github.com/MyCATApache/Mycat-Server.git,2014-12-04T02:46:54Z
liaohuqiu/android-Ultra-Pull-To-Refresh,9531,https://github.com/liaohuqiu/android-Ultra-Pull-To-Refresh.git,2014-11-13T03:13:10Z
crossoverJie/cim,9490,https://github.com/crossoverJie/cim.git,2018-05-20T15:55:56Z
umano/AndroidSlidingUpPanel,9484,https://github.com/umano/AndroidSlidingUpPanel.git,2013-05-31T18:33:53Z
spring-projects/spring-security,9474,https://github.com/spring-projects/spring-security.git,2012-01-10T21:50:57Z
opendataloader-project/opendataloader-pdf,9456,https://github.com/opendataloader-project/opendataloader-pdf.git,2025-05-13T05:48:02Z
Justson/AgentWeb,9411,https://github.com/Justson/AgentWeb.git,2017-05-12T07:45:56Z
json-path/JsonPath,9394,https://github.com/json-path/JsonPath.git,2011-01-24T13:19:19Z
pockethub/PocketHub,9380,https://github.com/pockethub/PocketHub.git,2011-09-08T16:52:50Z
huanghaibin-dev/CalendarView,9370,https://github.com/huanghaibin-dev/CalendarView.git,2017-03-11T07:16:09Z
GcsSloop/AndroidNote,9340,https://github.com/GcsSloop/AndroidNote.git,2016-01-04T23:51:36Z
android/testing-samples,9302,https://github.com/android/testing-samples.git,2014-10-11T03:51:27Z
apache/jmeter,9288,https://github.com/apache/jmeter.git,2010-05-26T23:38:07Z
apache/seatunnel,9202,https://github.com/apache/seatunnel.git,2017-08-05T09:14:47Z
cats-oss/android-gpuimage,9158,https://github.com/cats-oss/android-gpuimage.git,2012-10-04T08:11:58Z
flowable/flowable-engine,9143,https://github.com/flowable/flowable-engine.git,2016-10-13T07:21:43Z
didi/VirtualAPK,9066,https://github.com/didi/VirtualAPK.git,2017-06-29T07:25:05Z
HMCL-dev/HMCL,9007,https://github.com/HMCL-dev/HMCL.git,2015-06-22T08:06:03Z
KunMinX/Jetpack-MVVM-Best-Practice,8951,https://github.com/KunMinX/Jetpack-MVVM-Best-Practice.git,2019-10-31T05:21:01Z
alibaba/spring-ai-alibaba,8944,https://github.com/alibaba/spring-ai-alibaba.git,2024-09-09T01:35:50Z
navasmdc/MaterialDesignLibrary,8944,https://github.com/navasmdc/MaterialDesignLibrary.git,2014-09-30T07:37:17Z
Freelander/Android_Data,8916,https://github.com/Freelander/Android_Data.git,2015-04-04T01:37:44Z
LSPosed/LSPatch,8910,https://github.com/LSPosed/LSPatch.git,2021-03-01T19:38:36Z
java-native-access/jna,8908,https://github.com/java-native-access/jna.git,2011-04-29T13:30:29Z
checkstyle/checkstyle,8903,https://github.com/checkstyle/checkstyle.git,2013-08-31T02:05:05Z
frohoff/ysoserial,8824,https://github.com/frohoff/ysoserial.git,2015-01-28T07:13:55Z
karatelabs/karate,8813,https://github.com/karatelabs/karate.git,2017-02-07T15:59:17Z
PojavLauncherTeam/PojavLauncher,8803,https://github.com/PojavLauncherTeam/PojavLauncher.git,2020-03-11T03:22:54Z
nathanmarz/storm,8789,https://github.com/nathanmarz/storm.git,2011-09-17T07:55:13Z
apache/shenyu,8782,https://github.com/apache/shenyu.git,2018-07-11T08:17:45Z
laobie/StatusBarUtil,8771,https://github.com/laobie/StatusBarUtil.git,2016-02-15T03:06:06Z
cabaletta/baritone,8758,https://github.com/cabaletta/baritone.git,2018-08-01T15:34:21Z
Blankj/awesome-java-leetcode,8737,https://github.com/Blankj/awesome-java-leetcode.git,2017-04-17T15:51:41Z
chrisbanes/Android-PullToRefresh,8665,https://github.com/chrisbanes/Android-PullToRefresh.git,2011-11-29T09:59:56Z
apache/iceberg,8663,https://github.com/apache/iceberg.git,2018-11-19T16:26:46Z
ybq/Android-SpinKit,8653,https://github.com/ybq/Android-SpinKit.git,2016-03-20T08:40:51Z
amitshekhariitbhu/Android-Debug-Database,8645,https://github.com/amitshekhariitbhu/Android-Debug-Database.git,2016-11-16T14:20:24Z
react-native-image-picker/react-native-image-picker,8637,https://github.com/react-native-image-picker/react-native-image-picker.git,2015-06-08T20:25:31Z
shwenzhang/AndResGuard,8634,https://github.com/shwenzhang/AndResGuard.git,2015-10-11T11:48:06Z
testcontainers/testcontainers-java,8615,https://github.com/testcontainers/testcontainers-java.git,2015-04-12T12:44:59Z
dropwizard/dropwizard,8603,https://github.com/dropwizard/dropwizard.git,2011-01-19T19:52:29Z
airbnb/epoxy,8571,https://github.com/airbnb/epoxy.git,2016-08-08T23:05:11Z
facebook/buck,8562,https://github.com/facebook/buck.git,2013-04-17T18:12:18Z
google/tsunami-security-scanner,8556,https://github.com/google/tsunami-security-scanner.git,2020-06-03T16:20:00Z
junit-team/junit4,8554,https://github.com/junit-team/junit4.git,2009-01-13T03:41:26Z
chrisjenx/Calligraphy,8545,https://github.com/chrisjenx/Calligraphy.git,2013-12-20T02:35:45Z
aeron-io/aeron,8530,https://github.com/aeron-io/aeron.git,2014-02-07T17:16:58Z
apache/beam,8526,https://github.com/apache/beam.git,2016-02-02T08:00:06Z
DImuthuUpe/AndroidPdfViewer,8463,https://github.com/DImuthuUpe/AndroidPdfViewer.git,2016-06-02T20:21:21Z
wildfirechat/im-server,8462,https://github.com/wildfirechat/im-server.git,2019-01-23T15:21:28Z
hs-web/hsweb-framework,8405,https://github.com/hs-web/hsweb-framework.git,2016-01-18T03:51:39Z
roughike/BottomBar,8386,https://github.com/roughike/BottomBar.git,2016-03-16T01:31:05Z
pentaho/pentaho-kettle,8323,https://github.com/pentaho/pentaho-kettle.git,2013-10-08T18:27:11Z
spring-projects/spring-ai,8309,https://github.com/spring-projects/spring-ai.git,2023-06-27T18:57:29Z
bytedeco/javacv,8305,https://github.com/bytedeco/javacv.git,2014-04-21T13:50:26Z
alibaba/transmittable-thread-local,8271,https://github.com/alibaba/transmittable-thread-local.git,2013-10-13T08:48:33Z
aritraroy/UltimateAndroidReference,8261,https://github.com/aritraroy/UltimateAndroidReference.git,2017-04-10T07:28:27Z
apache/shardingsphere-elasticjob,8221,https://github.com/apache/shardingsphere-elasticjob.git,2015-09-11T11:28:52Z
krahets/LeetCode-Book,8189,https://github.com/krahets/LeetCode-Book.git,2021-12-17T14:16:02Z
alibaba/atlas,8170,https://github.com/alibaba/atlas.git,2017-02-28T06:31:43Z
alibaba/otter,8133,https://github.com/alibaba/otter.git,2013-08-09T09:31:22Z
apache/tomcat,8129,https://github.com/apache/tomcat.git,2011-10-01T07:00:19Z
florent37/MaterialViewPager,8106,https://github.com/florent37/MaterialViewPager.git,2015-04-24T17:53:15Z
guolindev/LitePal,8085,https://github.com/guolindev/LitePal.git,2013-02-20T03:20:07Z
LaurieWired/GhidraMCP,8043,https://github.com/LaurieWired/GhidraMCP.git,2025-03-23T05:36:55Z
junixapp/XPopup,8022,https://github.com/junixapp/XPopup.git,2018-12-07T06:16:48Z
davemorrissey/subsampling-scale-image-view,8009,https://github.com/davemorrissey/subsampling-scale-image-view.git,2013-08-26T16:45:25Z
Graylog2/graylog2-server,7987,https://github.com/Graylog2/graylog2-server.git,2010-05-17T21:27:02Z
gunnarmorling/1brc,7987,https://github.com/gunnarmorling/1brc.git,2023-12-28T09:13:24Z
Netflix/SimianArmy,7984,https://github.com/Netflix/SimianArmy.git,2012-07-06T22:00:05Z
JakeWharton/hugo,7913,https://github.com/JakeWharton/hugo.git,2013-11-25T09:16:40Z
jeecgboot/jimureport,7893,https://github.com/jeecgboot/jimureport.git,2019-12-05T12:25:59Z
dropwizard/metrics,7851,https://github.com/dropwizard/metrics.git,2010-02-26T19:44:42Z
exadel-inc/CompreFace,7850,https://github.com/exadel-inc/CompreFace.git,2020-07-06T08:29:43Z
HannahMitt/HomeMirror,7831,https://github.com/HannahMitt/HomeMirror.git,2015-08-23T03:20:08Z
lecho/hellocharts-android,7795,https://github.com/lecho/hellocharts-android.git,2014-10-12T09:12:37Z
ChrisRM/material-theme-jetbrains,7769,https://github.com/ChrisRM/material-theme-jetbrains.git,2015-09-23T07:15:04Z
AntennaPod/AntennaPod,7752,https://github.com/AntennaPod/AntennaPod.git,2012-07-31T10:25:08Z
Tencent/Shadow,7743,https://github.com/Tencent/Shadow.git,2019-06-13T10:50:27Z
PowerJob/PowerJob,7716,https://github.com/PowerJob/PowerJob.git,2020-03-16T09:19:55Z
goldze/MVVMHabit,7709,https://github.com/goldze/MVVMHabit.git,2017-07-21T10:38:40Z
MuntashirAkon/AppManager,7690,https://github.com/MuntashirAkon/AppManager.git,2020-05-30T04:08:56Z
trello-archive/RxLifecycle,7670,https://github.com/trello-archive/RxLifecycle.git,2015-07-20T13:32:23Z
vipshop/vjtools,7656,https://github.com/vipshop/vjtools.git,2018-05-29T09:07:08Z
mapstruct/mapstruct,7633,https://github.com/mapstruct/mapstruct.git,2012-05-28T12:42:42Z
gedoor/MyBookshelf,7623,https://github.com/gedoor/MyBookshelf.git,2018-06-12T03:48:07Z
FongMi/TV,7621,https://github.com/FongMi/TV.git,2022-06-22T09:10:23Z
google/android-classyshark,7597,https://github.com/google/android-classyshark.git,2015-10-12T13:40:48Z
MinecraftForge/MinecraftForge,7563,https://github.com/MinecraftForge/MinecraftForge.git,2012-01-30T01:35:01Z
koush/AndroidAsync,7550,https://github.com/koush/AndroidAsync.git,2012-08-24T07:27:04Z
kaushikgopal/RxJava-Android-Samples,7529,https://github.com/kaushikgopal/RxJava-Android-Samples.git,2014-07-23T05:13:52Z
kevin-wayne/algs4,7524,https://github.com/kevin-wayne/algs4.git,2015-08-31T09:28:49Z
swagger-api/swagger-core,7521,https://github.com/swagger-api/swagger-core.git,2011-07-05T23:44:11Z
Genymobile/gnirehtet,7502,https://github.com/Genymobile/gnirehtet.git,2017-02-09T16:01:13Z
yuanguangxin/LeetCode,7492,https://github.com/yuanguangxin/LeetCode.git,2020-01-11T01:02:02Z
dependency-check/DependencyCheck,7466,https://github.com/dependency-check/DependencyCheck.git,2012-09-03T20:43:30Z
enso-org/enso,7437,https://github.com/enso-org/enso.git,2016-12-16T17:23:37Z
lenve/VBlog,7434,https://github.com/lenve/VBlog.git,2017-12-26T11:01:55Z
dyc87112/SpringCloud-Learning,7395,https://github.com/dyc87112/SpringCloud-Learning.git,2016-08-21T03:39:52Z
abel533/Mapper,7386,https://github.com/abel533/Mapper.git,2014-11-21T11:02:10Z
gocd/gocd,7383,https://github.com/gocd/gocd.git,2013-12-13T05:26:16Z
iflytek/astron-rpa,7361,https://github.com/iflytek/astron-rpa.git,2025-09-20T08:51:40Z
Qihoo360/RePlugin,7349,https://github.com/Qihoo360/RePlugin.git,2017-06-08T09:39:09Z
leolin310148/ShortcutBadger,7341,https://github.com/leolin310148/ShortcutBadger.git,2013-11-15T12:51:52Z
square/dagger,7310,https://github.com/square/dagger.git,2012-08-02T23:25:32Z
Bearded-Hen/Android-Bootstrap,7255,https://github.com/Bearded-Hen/Android-Bootstrap.git,2013-11-01T15:36:17Z
zhongyi-tong/WeChatLuckyMoney,7245,https://github.com/zhongyi-tong/WeChatLuckyMoney.git,2015-09-30T16:11:20Z
Exrick/xmall,7245,https://github.com/Exrick/xmall.git,2017-07-28T01:49:49Z
crazycodeboy/TakePhoto,7238,https://github.com/crazycodeboy/TakePhoto.git,2015-08-04T02:05:32Z
pedant/sweet-alert-dialog,7232,https://github.com/pedant/sweet-alert-dialog.git,2014-10-19T09:24:09Z
NanoHttpd/nanohttpd,7213,https://github.com/NanoHttpd/nanohttpd.git,2012-08-10T21:52:42Z
cymcsg/UltimateRecyclerView,7195,https://github.com/cymcsg/UltimateRecyclerView.git,2015-01-28T02:27:45Z
didi/KnowStreaming,7178,https://github.com/didi/KnowStreaming.git,2020-03-19T05:13:51Z
wiremock/wiremock,7178,https://github.com/wiremock/wiremock.git,2011-10-09T20:27:24Z
Alluxio/alluxio,7174,https://github.com/Alluxio/alluxio.git,2012-12-21T17:43:46Z
google/error-prone,7149,https://github.com/google/error-prone.git,2014-08-21T23:26:50Z
apache/hertzbeat,7139,https://github.com/apache/hertzbeat.git,2022-02-04T14:48:56Z
google/agera,7134,https://github.com/google/agera.git,2015-12-17T13:22:58Z
rest-assured/rest-assured,7126,https://github.com/rest-assured/rest-assured.git,2010-10-21T08:35:43Z
h2pl/JavaTutorial,7119,https://github.com/h2pl/JavaTutorial.git,2018-05-01T15:57:21Z
traccar/traccar,7116,https://github.com/traccar/traccar.git,2012-04-16T08:33:49Z
ogaclejapan/SmartTabLayout,7084,https://github.com/ogaclejapan/SmartTabLayout.git,2015-02-14T11:25:51Z
JakeWharton/ActionBarSherlock,7072,https://github.com/JakeWharton/ActionBarSherlock.git,2011-03-07T17:28:54Z
CoderLeixiaoshuai/java-eight-part,7065,https://github.com/CoderLeixiaoshuai/java-eight-part.git,2020-10-16T16:27:04Z
Col-E/Recaf,7064,https://github.com/Col-E/Recaf.git,2017-07-27T06:01:10Z
naman14/Timber,7051,https://github.com/naman14/Timber.git,2015-06-12T16:43:55Z
mrniko/netty-socketio,7025,https://github.com/mrniko/netty-socketio.git,2012-01-12T11:43:49Z
NLPchina/elasticsearch-sql,7024,https://github.com/NLPchina/elasticsearch-sql.git,2014-08-24T14:26:31Z
junit-team/junit-framework,6991,https://github.com/junit-team/junit-framework.git,2015-01-11T19:06:10Z
DroidPluginTeam/DroidPlugin,6976,https://github.com/DroidPluginTeam/DroidPlugin.git,2015-08-27T11:14:57Z
alibaba/jvm-sandbox,6960,https://github.com/alibaba/jvm-sandbox.git,2017-08-03T02:55:31Z
macrozheng/springcloud-learning,6916,https://github.com/macrozheng/springcloud-learning.git,2019-09-07T02:36:16Z
logisim-evolution/logisim-evolution,6914,https://github.com/logisim-evolution/logisim-evolution.git,2014-09-19T05:23:24Z
rabbitmq/rabbitmq-tutorials,6873,https://github.com/rabbitmq/rabbitmq-tutorials.git,2010-09-21T11:41:26Z
smuyyh/BookReader,6873,https://github.com/smuyyh/BookReader.git,2016-08-03T05:17:27Z
Meituan-Dianping/walle,6866,https://github.com/Meituan-Dianping/walle.git,2017-01-10T03:39:25Z
getActivity/AndroidProject,6865,https://github.com/getActivity/AndroidProject.git,2018-10-23T10:30:55Z
hongyangAndroid/okhttputils,6857,https://github.com/hongyangAndroid/okhttputils.git,2015-08-17T14:53:29Z
vespa-engine/vespa,6833,https://github.com/vespa-engine/vespa.git,2016-06-03T20:54:20Z
guardianproject/haven,6797,https://github.com/guardianproject/haven.git,2017-03-01T03:20:03Z
zo0r/react-native-push-notification,6792,https://github.com/zo0r/react-native-push-notification.git,2015-12-14T19:53:36Z
raphw/byte-buddy,6788,https://github.com/raphw/byte-buddy.git,2013-11-25T19:38:03Z
Angel-ML/angel,6785,https://github.com/Angel-ML/angel.git,2017-04-25T05:57:43Z
fuzhengwei/itstack-demo-design,6779,https://github.com/fuzhengwei/itstack-demo-design.git,2020-05-20T13:45:30Z
527515025/springBoot,6773,https://github.com/527515025/springBoot.git,2016-11-07T02:13:31Z
gzu-liyujiang/AndroidPicker,6772,https://github.com/gzu-liyujiang/AndroidPicker.git,2015-10-21T14:21:16Z
CeuiLiSA/Pixiv-Shaft,6766,https://github.com/CeuiLiSA/Pixiv-Shaft.git,2019-04-01T09:59:09Z
Meituan-Dianping/Leaf,6735,https://github.com/Meituan-Dianping/Leaf.git,2018-12-11T07:41:35Z
648540858/wvp-GB28181-pro,6732,https://github.com/648540858/wvp-GB28181-pro.git,2020-11-14T14:16:37Z
markzhai/AndroidPerformanceMonitor,6732,https://github.com/markzhai/AndroidPerformanceMonitor.git,2016-01-17T05:23:22Z
quartz-scheduler/quartz,6709,https://github.com/quartz-scheduler/quartz.git,2016-03-07T14:05:37Z
zouzg/mybatis-generator-gui,6708,https://github.com/zouzg/mybatis-generator-gui.git,2016-05-08T22:39:39Z
getActivity/XXPermissions,6708,https://github.com/getActivity/XXPermissions.git,2018-06-15T14:31:29Z
hongyangAndroid/AndroidAutoLayout,6691,https://github.com/hongyangAndroid/AndroidAutoLayout.git,2015-11-19T02:09:11Z
jOOQ/jOOQ,6686,https://github.com/jOOQ/jOOQ.git,2011-04-17T10:43:33Z
Suwayomi/Suwayomi-Server,6681,https://github.com/Suwayomi/Suwayomi-Server.git,2020-12-23T20:31:38Z
apache/storm,6675,https://github.com/apache/storm.git,2013-11-05T08:00:14Z
yanzhenjie/AndPermission,6648,https://github.com/yanzhenjie/AndPermission.git,2016-09-11T05:17:34Z
JesusFreke/smali,6614,https://github.com/JesusFreke/smali.git,2012-09-23T19:51:16Z
apache/zeppelin,6607,https://github.com/apache/zeppelin.git,2015-03-25T07:00:06Z
hazelcast/hazelcast,6604,https://github.com/hazelcast/hazelcast.git,2012-03-21T12:25:18Z
pig-mesh/pig,6599,https://github.com/pig-mesh/pig.git,2019-08-26T03:24:53Z
GrenderG/Toasty,6594,https://github.com/GrenderG/Toasty.git,2017-01-18T18:52:41Z
NLPchina/ansj_seg,6545,https://github.com/NLPchina/ansj_seg.git,2012-09-05T05:56:24Z
ximsfei/Android-skin-support,6521,https://github.com/ximsfei/Android-skin-support.git,2017-01-12T15:03:54Z
processing/processing,6497,https://github.com/processing/processing.git,2013-01-24T21:17:22Z
nayuki/QR-Code-generator,6486,https://github.com/nayuki/QR-Code-generator.git,2016-04-15T02:19:41Z
hibernate/hibernate-orm,6462,https://github.com/hibernate/hibernate-orm.git,2010-10-04T16:15:52Z
ArthurHub/Android-Image-Cropper,6430,https://github.com/ArthurHub/Android-Image-Cropper.git,2015-01-15T10:49:37Z
wxiaoqi/Spring-Cloud-Platform,6430,https://github.com/wxiaoqi/Spring-Cloud-Platform.git,2017-05-25T10:35:26Z
vinc3m1/RoundedImageView,6420,https://github.com/vinc3m1/RoundedImageView.git,2013-02-22T01:17:37Z
freeok/so-novel,6420,https://github.com/freeok/so-novel.git,2022-05-23T15:49:36Z
jetlinks/jetlinks-community,6415,https://github.com/jetlinks/jetlinks-community.git,2020-01-02T07:27:34Z
gephi/gephi,6411,https://github.com/gephi/gephi.git,2011-10-22T03:14:46Z
Javen205/IJPay,6410,https://github.com/Javen205/IJPay.git,2017-05-02T03:15:32Z
AsyncHttpClient/async-http-client,6408,https://github.com/AsyncHttpClient/async-http-client.git,2011-03-07T13:41:46Z
micronaut-projects/micronaut-core,6395,https://github.com/micronaut-projects/micronaut-core.git,2018-03-07T12:05:08Z
aa112901/remusic,6383,https://github.com/aa112901/remusic.git,2016-03-24T06:20:39Z
apache/flink-cdc,6381,https://github.com/apache/flink-cdc.git,2020-07-27T19:23:33Z
graphhopper/graphhopper,6370,https://github.com/graphhopper/graphhopper.git,2012-02-18T19:57:38Z
joelittlejohn/jsonschema2pojo,6369,https://github.com/joelittlejohn/jsonschema2pojo.git,2013-06-22T22:28:53Z
haifengl/smile,6357,https://github.com/haifengl/smile.git,2014-11-20T16:28:12Z
DerekYRC/mini-spring,6356,https://github.com/DerekYRC/mini-spring.git,2020-11-17T11:59:18Z
wasabeef/richeditor-android,6348,https://github.com/wasabeef/richeditor-android.git,2015-03-30T16:19:20Z
sshahine/JFoenix,6347,https://github.com/sshahine/JFoenix.git,2015-09-08T14:04:24Z
amitshekhariitbhu/from-java-to-kotlin,6337,https://github.com/amitshekhariitbhu/from-java-to-kotlin.git,2017-05-21T11:56:27Z
apache/iotdb,6302,https://github.com/apache/iotdb.git,2018-11-24T21:29:17Z
lightbend/config,6296,https://github.com/lightbend/config.git,2011-12-06T08:02:29Z
koush/ion,6264,https://github.com/koush/ion.git,2013-05-22T07:41:23Z
graphql-java/graphql-java,6235,https://github.com/graphql-java/graphql-java.git,2015-07-06T06:52:20Z
apache/incubator-kie-drools,6230,https://github.com/apache/incubator-kie-drools.git,2011-02-18T08:37:05Z
ityouknow/spring-cloud-examples,6217,https://github.com/ityouknow/spring-cloud-examples.git,2017-04-28T08:48:53Z
auth0/java-jwt,6206,https://github.com/auth0/java-jwt.git,2014-03-07T15:06:11Z
google/grafika,6160,https://github.com/google/grafika.git,2013-12-19T18:36:53Z
apache/camel,6156,https://github.com/apache/camel.git,2009-05-21T00:25:36Z
Vedenin/useful-java-links,6152,https://github.com/Vedenin/useful-java-links.git,2016-02-13T13:14:52Z
alipay/SoloPi,6149,https://github.com/alipay/SoloPi.git,2019-03-14T15:32:49Z
loks666/get_jobs,6138,https://github.com/loks666/get_jobs.git,2024-03-07T21:34:58Z
obsidiandynamics/kafdrop,6126,https://github.com/obsidiandynamics/kafdrop.git,2019-05-27T08:46:56Z
LandGrey/SpringBootVulExploit,6126,https://github.com/LandGrey/SpringBootVulExploit.git,2020-05-20T09:18:44Z
vavr-io/vavr,6126,https://github.com/vavr-io/vavr.git,2014-01-30T14:07:25Z
apache/hudi,6123,https://github.com/apache/hudi.git,2016-12-14T15:53:41Z
ikew0ng/SwipeBackLayout,6104,https://github.com/ikew0ng/SwipeBackLayout.git,2013-08-25T03:36:12Z
google/google-java-format,6099,https://github.com/google/google-java-format.git,2015-05-11T20:38:28Z
rengwuxian/MaterialEditText,6099,https://github.com/rengwuxian/MaterialEditText.git,2014-10-30T10:07:23Z
daimajia/NumberProgressBar,6095,https://github.com/daimajia/NumberProgressBar.git,2014-05-01T08:54:25Z
javaparser/javaparser,6064,https://github.com/javaparser/javaparser.git,2011-10-30T14:03:44Z
apache/pinot,6049,https://github.com/apache/pinot.git,2014-05-19T23:27:48Z
google/j2objc,6045,https://github.com/google/j2objc.git,2014-01-30T20:19:56Z
ZhongFuCheng3y/austin,6045,https://github.com/ZhongFuCheng3y/austin.git,2021-11-06T09:36:01Z
singwhatiwanna/dynamic-load-apk,6026,https://github.com/singwhatiwanna/dynamic-load-apk.git,2014-03-30T11:51:00Z
apache/nifi,6025,https://github.com/apache/nifi.git,2014-12-12T08:00:05Z
apache/hive,6018,https://github.com/apache/hive.git,2009-05-21T02:31:01Z
pedrovgs/EffectiveAndroidUI,6014,https://github.com/pedrovgs/EffectiveAndroidUI.git,2014-07-04T08:42:20Z
robolectric/robolectric,6000,https://github.com/robolectric/robolectric.git,2010-08-28T00:28:25Z
jeequan/jeepay,5999,https://github.com/jeequan/jeepay.git,2017-08-12T02:40:32Z
opengoofy/hippo4j,5993,https://github.com/opengoofy/hippo4j.git,2021-06-16T02:59:48Z
WeiYe-Jing/datax-web,5991,https://github.com/WeiYe-Jing/datax-web.git,2019-11-19T01:09:05Z
btraceio/btrace,5987,https://github.com/btraceio/btrace.git,2014-08-28T18:58:24Z
google/physical-web,5981,https://github.com/google/physical-web.git,2014-09-30T18:32:14Z
00-Evan/shattered-pixel-dungeon,5968,https://github.com/00-Evan/shattered-pixel-dungeon.git,2014-07-31T21:56:31Z
rey5137/material,5967,https://github.com/rey5137/material.git,2014-12-09T12:07:32Z
youtube/api-samples,5960,https://github.com/youtube/api-samples.git,2013-12-09T18:41:41Z
wyouflf/xUtils3,5959,https://github.com/wyouflf/xUtils3.git,2015-10-28T10:56:04Z
liyifeng1994/ssm,5939,https://github.com/liyifeng1994/ssm.git,2016-06-18T17:58:56Z
springfox/springfox,5938,https://github.com/springfox/springfox.git,2012-05-06T06:38:57Z
JSQLParser/JSqlParser,5936,https://github.com/JSQLParser/JSqlParser.git,2011-06-23T22:51:52Z
journeyapps/zxing-android-embedded,5935,https://github.com/journeyapps/zxing-android-embedded.git,2012-11-28T16:36:39Z
prolificinteractive/material-calendarview,5930,https://github.com/prolificinteractive/material-calendarview.git,2015-02-09T22:31:56Z
antoniolg/androidmvp,5910,https://github.com/antoniolg/androidmvp.git,2014-04-02T05:42:20Z
weibocom/motan,5908,https://github.com/weibocom/motan.git,2016-04-20T10:56:17Z
Archmage83/tvapk,5904,https://github.com/Archmage83/tvapk.git,2020-07-29T08:04:37Z
apache/fesod,5896,https://github.com/apache/fesod.git,2024-10-05T11:42:50Z
amitshekhariitbhu/Fast-Android-Networking,5890,https://github.com/amitshekhariitbhu/Fast-Android-Networking.git,2016-03-21T18:35:44Z
lets-blade/blade,5884,https://github.com/lets-blade/blade.git,2015-06-10T03:35:49Z
JakeWharton/DiskLruCache,5865,https://github.com/JakeWharton/DiskLruCache.git,2012-01-05T00:36:34Z
ikarus23/MifareClassicTool,5858,https://github.com/ikarus23/MifareClassicTool.git,2013-02-12T15:39:03Z
ffay/lanproxy,5857,https://github.com/ffay/lanproxy.git,2016-11-20T08:12:10Z
PBH-BTN/PeerBanHelper,5854,https://github.com/PBH-BTN/PeerBanHelper.git,2024-02-07T14:35:16Z
meefik/linuxdeploy,5794,https://github.com/meefik/linuxdeploy.git,2012-08-21T04:49:14Z
Nightonke/BoomMenu,5792,https://github.com/Nightonke/BoomMenu.git,2016-03-19T12:04:12Z
yarolegovich/DiscreteScrollView,5786,https://github.com/yarolegovich/DiscreteScrollView.git,2017-03-03T23:38:54Z
changmingxie/tcc-transaction,5776,https://github.com/changmingxie/tcc-transaction.git,2015-12-05T04:27:53Z
Nepxion/Discovery,5774,https://github.com/Nepxion/Discovery.git,2018-06-21T16:16:49Z
dmytrodanylyk/circular-progress-button,5757,https://github.com/dmytrodanylyk/circular-progress-button.git,2014-06-07T12:58:48Z
strimzi/strimzi-kafka-operator,5752,https://github.com/strimzi/strimzi-kafka-operator.git,2016-05-06T08:52:33Z
houbb/sensitive-word,5750,https://github.com/houbb/sensitive-word.git,2020-01-07T03:10:44Z
JanusGraph/janusgraph,5747,https://github.com/JanusGraph/janusgraph.git,2016-12-26T13:26:29Z
k0shk0sh/FastHub,5735,https://github.com/k0shk0sh/FastHub.git,2017-02-18T17:53:16Z
dromara/lamp-cloud,5732,https://github.com/dromara/lamp-cloud.git,2018-01-17T02:51:04Z
jagrosh/MusicBot,5730,https://github.com/jagrosh/MusicBot.git,2016-08-14T18:46:29Z
redis/lettuce,5729,https://github.com/redis/lettuce.git,2014-05-10T13:08:46Z
ZHENFENG13/spring-boot-projects,5719,https://github.com/ZHENFENG13/spring-boot-projects.git,2017-04-01T01:50:14Z
yanzhenjie/SwipeRecyclerView,5718,https://github.com/yanzhenjie/SwipeRecyclerView.git,2016-08-03T15:43:34Z
ddd-by-examples/library,5711,https://github.com/ddd-by-examples/library.git,2019-01-11T09:14:03Z
jpush/aurora-imui,5709,https://github.com/jpush/aurora-imui.git,2016-12-13T05:24:01Z
Devlight/InfiniteCycleViewPager,5703,https://github.com/Devlight/InfiniteCycleViewPager.git,2016-08-22T08:04:39Z
201206030/novel,5673,https://github.com/201206030/novel.git,2019-11-11T01:13:52Z
crazycodeboy/react-native-splash-screen,5667,https://github.com/crazycodeboy/react-native-splash-screen.git,2016-09-14T10:43:55Z
springside/springside4,5666,https://github.com/springside/springside4.git,2012-02-23T08:39:03Z
ElderDrivers/EdXposed,5665,https://github.com/ElderDrivers/EdXposed.git,2019-01-18T16:18:19Z
JakeWharton/u2020,5662,https://github.com/JakeWharton/u2020.git,2013-11-14T11:58:23Z
wasabeef/Blurry,5660,https://github.com/wasabeef/Blurry.git,2015-07-23T14:12:08Z
hanks-zyh/HTextView,5657,https://github.com/hanks-zyh/HTextView.git,2015-12-19T16:34:59Z
microsoft/typespec,5646,https://github.com/microsoft/typespec.git,2021-06-30T23:29:49Z
daimajia/AndroidImageSlider,5620,https://github.com/daimajia/AndroidImageSlider.git,2014-06-02T06:04:17Z
TommyLemon/Android-ZBLibrary,5607,https://github.com/TommyLemon/Android-ZBLibrary.git,2015-08-20T16:03:53Z
osmandapp/OsmAnd,5605,https://github.com/osmandapp/OsmAnd.git,2011-01-15T19:59:44Z
hongyangAndroid/FlowLayout,5587,https://github.com/hongyangAndroid/FlowLayout.git,2015-08-28T09:32:31Z
apache/hbase,5581,https://github.com/apache/hbase.git,2014-05-23T07:00:07Z
baidu/uid-generator,5581,https://github.com/baidu/uid-generator.git,2017-03-27T04:03:43Z
alibaba/jetcache,5573,https://github.com/alibaba/jetcache.git,2017-04-12T07:48:23Z
hneemann/Digital,5562,https://github.com/hneemann/Digital.git,2016-06-28T17:40:16Z
amlcurran/ShowcaseView,5562,https://github.com/amlcurran/ShowcaseView.git,2012-08-14T19:07:36Z
mik3y/usb-serial-for-android,5561,https://github.com/mik3y/usb-serial-for-android.git,2013-06-30T23:17:45Z
alibaba/QLExpress,5554,https://github.com/alibaba/QLExpress.git,2017-03-15T08:39:54Z
SuperMonster003/AutoJs6,5542,https://github.com/SuperMonster003/AutoJs6.git,2021-12-01T05:27:22Z
nhaarman/ListViewAnimations,5539,https://github.com/nhaarman/ListViewAnimations.git,2013-03-19T11:59:23Z
knightliao/disconf,5534,https://github.com/knightliao/disconf.git,2014-05-30T09:39:27Z
wuhaoyu1990/MagicCamera,5515,https://github.com/wuhaoyu1990/MagicCamera.git,2016-01-08T11:36:56Z
danikula/AndroidVideoCache,5515,https://github.com/danikula/AndroidVideoCache.git,2015-04-01T11:25:52Z
CaffeineMC/sodium,5510,https://github.com/CaffeineMC/sodium.git,2020-02-01T03:04:09Z
cinit/QAuxiliary,5497,https://github.com/cinit/QAuxiliary.git,2022-01-29T06:12:36Z
jindrapetrik/jpexs-decompiler,5489,https://github.com/jindrapetrik/jpexs-decompiler.git,2014-05-10T17:20:56Z
GeyserMC/Geyser,5482,https://github.com/GeyserMC/Geyser.git,2019-07-08T17:23:17Z
emilsjolander/StickyListHeaders,5482,https://github.com/emilsjolander/StickyListHeaders.git,2012-03-11T18:29:18Z
Jasonchenlijian/FastBle,5476,https://github.com/Jasonchenlijian/FastBle.git,2016-08-23T02:06:33Z
scribejava/scribejava,5470,https://github.com/scribejava/scribejava.git,2010-09-05T19:11:40Z
motianhuo/wechat,5469,https://github.com/motianhuo/wechat.git,2015-05-25T02:33:37Z
alibaba/freeline,5464,https://github.com/alibaba/freeline.git,2016-08-03T17:22:52Z
KeepSafe/TapTargetView,5462,https://github.com/KeepSafe/TapTargetView.git,2016-09-11T09:07:36Z
sockeqwe/mosby,5460,https://github.com/sockeqwe/mosby.git,2015-03-25T00:59:19Z
liquibase/liquibase,5460,https://github.com/liquibase/liquibase.git,2011-07-08T20:08:20Z
dm77/barcodescanner,5444,https://github.com/dm77/barcodescanner.git,2014-02-24T21:14:09Z
apache/groovy,5439,https://github.com/apache/groovy.git,2015-04-16T07:00:05Z
TGX-Android/Telegram-X,5435,https://github.com/TGX-Android/Telegram-X.git,2021-08-17T17:09:25Z
rubenlagus/TelegramBots,5428,https://github.com/rubenlagus/TelegramBots.git,2016-01-14T00:13:07Z
spring-projects/spring-data-examples,5415,https://github.com/spring-projects/spring-data-examples.git,2014-01-30T15:42:43Z
socketio/socket.io-client-java,5414,https://github.com/socketio/socket.io-client-java.git,2013-04-28T17:04:05Z
facebookarchive/rebound,5405,https://github.com/facebookarchive/rebound.git,2013-10-11T01:12:37Z
tonikelope/megabasterd,5402,https://github.com/tonikelope/megabasterd.git,2016-09-29T16:54:54Z
apache/dubbo-spring-boot-project,5397,https://github.com/apache/dubbo-spring-boot-project.git,2018-01-18T12:10:50Z
coobird/thumbnailator,5397,https://github.com/coobird/thumbnailator.git,2015-07-25T05:38:33Z
killbill/killbill,5389,https://github.com/killbill/killbill.git,2012-10-21T20:55:05Z
LFDT-web3j/web3j,5385,https://github.com/LFDT-web3j/web3j.git,2016-09-04T05:48:49Z
diffplug/spotless,5379,https://github.com/diffplug/spotless.git,2015-04-27T19:10:58Z
facebookarchive/shimmer-android,5364,https://github.com/facebookarchive/shimmer-android.git,2015-02-27T22:25:22Z
Evernote/android-job,5363,https://github.com/Evernote/android-job.git,2015-08-20T19:36:54Z
pmd/pmd,5355,https://github.com/pmd/pmd.git,2012-07-11T18:03:00Z
remkop/picocli,5340,https://github.com/remkop/picocli.git,2017-02-01T16:38:41Z
h6ah4i/android-advancedrecyclerview,5339,https://github.com/h6ah4i/android-advancedrecyclerview.git,2015-01-24T16:14:39Z
commonsguy/cw-omnibus,5337,https://github.com/commonsguy/cw-omnibus.git,2012-03-12T14:12:06Z
jgilfelt/SystemBarTint,5334,https://github.com/jgilfelt/SystemBarTint.git,2013-11-17T12:35:05Z
runelite/runelite,5328,https://github.com/runelite/runelite.git,2016-04-30T20:48:02Z
google/google-authenticator,5322,https://github.com/google/google-authenticator.git,2014-10-08T17:54:27Z
XRecyclerView/XRecyclerView,5322,https://github.com/XRecyclerView/XRecyclerView.git,2015-11-18T08:14:22Z
allure-framework/allure2,5319,https://github.com/allure-framework/allure2.git,2016-05-27T14:06:05Z
gsantner/markor,5318,https://github.com/gsantner/markor.git,2017-08-26T00:08:35Z
mybatis/generator,5317,https://github.com/mybatis/generator.git,2013-02-10T11:14:50Z
dunwu/db-tutorial,5317,https://github.com/dunwu/db-tutorial.git,2017-08-08T06:33:38Z
Doikki/DKVideoPlayer,5308,https://github.com/Doikki/DKVideoPlayer.git,2017-04-11T01:33:38Z
LWJGL/lwjgl3,5305,https://github.com/LWJGL/lwjgl3.git,2012-12-23T15:40:04Z
zfdang/Android-Touch-Helper,5292,https://github.com/zfdang/Android-Touch-Helper.git,2020-10-16T00:58:41Z
Fuzion24/JustTrustMe,5288,https://github.com/Fuzion24/JustTrustMe.git,2014-07-24T23:45:05Z
evant/gradle-retrolambda,5283,https://github.com/evant/gradle-retrolambda.git,2013-08-05T02:09:58Z
Docile-Alligator/Infinity-For-Reddit,5270,https://github.com/Docile-Alligator/Infinity-For-Reddit.git,2018-07-26T15:02:51Z
yixia/VitamioBundle,5269,https://github.com/yixia/VitamioBundle.git,2012-10-19T08:40:49Z
xxv/android-lifecycle,5266,https://github.com/xxv/android-lifecycle.git,2014-04-18T14:26:22Z
CodingDocs/springboot-guide,5263,https://github.com/CodingDocs/springboot-guide.git,2018-11-28T01:05:07Z
citerus/dddsample-core,5262,https://github.com/citerus/dddsample-core.git,2015-01-31T23:21:37Z
lingochamp/okdownload,5258,https://github.com/lingochamp/okdownload.git,2017-12-17T08:21:22Z
razerdp/BasePopup,5257,https://github.com/razerdp/BasePopup.git,2016-01-15T03:31:07Z
thinkaurelius/titan,5237,https://github.com/thinkaurelius/titan.git,2012-02-25T22:53:53Z
j-easy/easy-rules,5237,https://github.com/j-easy/easy-rules.git,2013-03-10T14:38:26Z
Yalantis/Side-Menu.Android,5234,https://github.com/Yalantis/Side-Menu.Android.git,2015-01-13T11:11:27Z
novicezk/midjourney-proxy,5231,https://github.com/novicezk/midjourney-proxy.git,2023-04-24T13:43:45Z
huangyanbin/smartTable,5231,https://github.com/huangyanbin/smartTable.git,2017-11-08T01:11:14Z
CellularPrivacy/Android-IMSI-Catcher-Detector,5222,https://github.com/CellularPrivacy/Android-IMSI-Catcher-Detector.git,2013-11-23T10:04:14Z
lucasr/twoway-view,5218,https://github.com/lucasr/twoway-view.git,2013-01-18T20:55:23Z
bitcoinj/bitcoinj,5213,https://github.com/bitcoinj/bitcoinj.git,2013-11-19T04:33:23Z
reactor/reactor-core,5211,https://github.com/reactor/reactor-core.git,2015-11-10T10:06:40Z
Karumi/Dexter,5207,https://github.com/Karumi/Dexter.git,2015-11-17T13:14:43Z
oshi/oshi,5197,https://github.com/oshi/oshi.git,2012-02-10T12:46:48Z
brianfrankcooper/YCSB,5197,https://github.com/brianfrankcooper/YCSB.git,2010-04-19T20:52:11Z
hustcc/JS-Sorting-Algorithm,5194,https://github.com/hustcc/JS-Sorting-Algorithm.git,2017-01-19T11:36:21Z
zhanglei-workspace/shopping-management-system,5188,https://github.com/zhanglei-workspace/shopping-management-system.git,2015-11-16T12:53:21Z
Clans/FloatingActionButton,5186,https://github.com/Clans/FloatingActionButton.git,2015-03-21T12:36:16Z
android/views-widgets-samples,5181,https://github.com/android/views-widgets-samples.git,2019-09-06T21:39:12Z
Exrick/xpay,5180,https://github.com/Exrick/xpay.git,2017-12-12T16:11:19Z
killme2008/aviatorscript,5177,https://github.com/killme2008/aviatorscript.git,2011-03-29T12:48:47Z
baomidou/dynamic-datasource,5154,https://github.com/baomidou/dynamic-datasource.git,2018-04-28T02:32:16Z
careercup/ctci,5145,https://github.com/careercup/ctci.git,2013-03-21T23:01:01Z
square/otto,5135,https://github.com/square/otto.git,2012-06-27T19:06:49Z
natario1/CameraView,5127,https://github.com/natario1/CameraView.git,2017-07-18T09:30:33Z
deathmarine/Luyten,5119,https://github.com/deathmarine/Luyten.git,2013-07-11T10:57:28Z
tianshiyeben/wgcloud,5113,https://github.com/tianshiyeben/wgcloud.git,2019-01-15T02:02:21Z
apache/calcite,5103,https://github.com/apache/calcite.git,2014-06-25T07:00:07Z
youlookwhat/DesignPattern,5100,https://github.com/youlookwhat/DesignPattern.git,2016-10-21T10:59:32Z
line/armeria,5084,https://github.com/line/armeria.git,2015-11-16T04:04:01Z
spring-projects/spring-authorization-server,5083,https://github.com/spring-projects/spring-authorization-server.git,2020-03-17T17:28:57Z
sofastack/sofa-boot,5079,https://github.com/sofastack/sofa-boot.git,2018-04-02T08:28:14Z
xuexiangjys/XUI,5074,https://github.com/xuexiangjys/XUI.git,2019-01-07T07:59:02Z
bisq-network/bisq,5068,https://github.com/bisq-network/bisq.git,2014-03-12T09:42:29Z
OpenTSDB/opentsdb,5064,https://github.com/OpenTSDB/opentsdb.git,2010-08-27T02:05:20Z
apache/ignite,5058,https://github.com/apache/ignite.git,2015-02-19T08:00:05Z
Kodezi/Chronos,5056,https://github.com/Kodezi/Chronos.git,2025-07-21T07:34:10Z
Sayi/poi-tl,5051,https://github.com/Sayi/poi-tl.git,2015-03-20T06:47:52Z
wequick/Small,5042,https://github.com/wequick/Small.git,2015-11-27T11:37:20Z
2227324689/gpmall,5040,https://github.com/2227324689/gpmall.git,2019-07-18T14:09:22Z
jankotek/mapdb,5037,https://github.com/jankotek/mapdb.git,2012-08-17T15:28:54Z
javastacks/spring-boot-best-practice,5036,https://github.com/javastacks/spring-boot-best-practice.git,2018-11-09T06:23:18Z
Trinea/android-common,5023,https://github.com/Trinea/android-common.git,2012-06-19T07:49:46Z
yipianfengye/android-zxingLibrary,5018,https://github.com/yipianfengye/android-zxingLibrary.git,2016-07-26T08:00:18Z
youlookwhat/CloudReader,5008,https://github.com/youlookwhat/CloudReader.git,2016-11-20T11:59:25Z
apache/maven,5000,https://github.com/apache/maven.git,2009-05-21T03:22:03Z
rubensousa/GravitySnapHelper,5000,https://github.com/rubensousa/GravitySnapHelper.git,2016-08-31T07:25:23Z
JodaOrg/joda-time,4989,https://github.com/JodaOrg/joda-time.git,2011-05-16T16:49:57Z
ageerle/ruoyi-ai,4988,https://github.com/ageerle/ruoyi-ai.git,2024-01-16T04:16:41Z
DingMouRen/LayoutManagerGroup,4988,https://github.com/DingMouRen/LayoutManagerGroup.git,2018-04-28T11:47:38Z
spring-attic/spring-mvc-showcase,4986,https://github.com/spring-attic/spring-mvc-showcase.git,2011-06-03T15:36:55Z
rstudio/rstudio,4975,https://github.com/rstudio/rstudio.git,2010-12-07T19:10:25Z
orhanobut/dialogplus,4975,https://github.com/orhanobut/dialogplus.git,2014-12-12T09:24:44Z
alibaba/UltraViewPager,4966,https://github.com/alibaba/UltraViewPager.git,2017-03-29T13:31:53Z
spring-cloud/spring-cloud-netflix,4963,https://github.com/spring-cloud/spring-cloud-netflix.git,2014-07-11T15:46:12Z
roncoo/roncoo-pay,4962,https://github.com/roncoo/roncoo-pay.git,2016-07-21T02:46:06Z
querydsl/querydsl,4960,https://github.com/querydsl/querydsl.git,2011-08-05T06:46:32Z
frogermcs/InstaMaterial,4955,https://github.com/frogermcs/InstaMaterial.git,2014-11-10T18:56:49Z
react-native-config/react-native-config,4954,https://github.com/react-native-config/react-native-config.git,2016-02-23T00:19:11Z
react-native-webrtc/react-native-webrtc,4949,https://github.com/react-native-webrtc/react-native-webrtc.git,2015-09-27T10:57:30Z
orientechnologies/orientdb,4943,https://github.com/orientechnologies/orientdb.git,2012-12-09T20:33:47Z
Devlight/NavigationTabBar,4935,https://github.com/Devlight/NavigationTabBar.git,2016-03-29T08:59:27Z
amitshekhariitbhu/RxJava2-Android-Samples,4928,https://github.com/amitshekhariitbhu/RxJava2-Android-Samples.git,2016-08-27T08:21:37Z
DiUS/java-faker,4925,https://github.com/DiUS/java-faker.git,2011-06-06T01:01:21Z
HeliBorg/HeliBoard,4910,https://github.com/HeliBorg/HeliBoard.git,2022-03-09T08:38:32Z
traex/RippleEffect,4904,https://github.com/traex/RippleEffect.git,2014-10-14T13:32:51Z
fuzhengwei/small-spring,4900,https://github.com/fuzhengwei/small-spring.git,2021-05-15T06:07:28Z
cglib/cglib,4895,https://github.com/cglib/cglib.git,2014-03-29T13:48:30Z
Ramotion/folding-cell-android,4894,https://github.com/Ramotion/folding-cell-android.git,2016-04-01T11:38:47Z
angryip/ipscan,4892,https://github.com/angryip/ipscan.git,2011-06-28T20:58:48Z
Threekiii/Awesome-POC,4885,https://github.com/Threekiii/Awesome-POC.git,2022-02-20T06:43:22Z
reactive-streams/reactive-streams-jvm,4871,https://github.com/reactive-streams/reactive-streams-jvm.git,2014-02-28T13:16:15Z
zhkl0228/unidbg,4867,https://github.com/zhkl0228/unidbg.git,2019-02-26T09:32:15Z
mock-server/mockserver,4861,https://github.com/mock-server/mockserver.git,2013-02-26T06:09:52Z
spring-cloud/spring-cloud-gateway,4841,https://github.com/spring-cloud/spring-cloud-gateway.git,2016-11-16T21:42:51Z
micrometer-metrics/micrometer,4833,https://github.com/micrometer-metrics/micrometer.git,2017-04-10T21:36:51Z
mcxiaoke/packer-ng-plugin,4814,https://github.com/mcxiaoke/packer-ng-plugin.git,2015-11-24T04:08:08Z
andkulikov/Transitions-Everywhere,4798,https://github.com/andkulikov/Transitions-Everywhere.git,2014-10-15T03:37:03Z
deepjavalibrary/djl,4795,https://github.com/deepjavalibrary/djl.git,2019-10-29T22:38:54Z
claritylab/lucida,4790,https://github.com/claritylab/lucida.git,2014-05-13T17:12:49Z
oracle/opengrok,4785,https://github.com/oracle/opengrok.git,2013-01-07T11:49:18Z
tuguangquan/mybatis,4776,https://github.com/tuguangquan/mybatis.git,2014-11-03T04:51:06Z
ronmamo/reflections,4774,https://github.com/ronmamo/reflections.git,2013-04-16T16:19:26Z
etsy/AndroidStaggeredGrid,4771,https://github.com/etsy/AndroidStaggeredGrid.git,2013-12-09T19:43:45Z
tencentmusic/supersonic,4764,https://github.com/tencentmusic/supersonic.git,2023-06-12T07:23:28Z
TheoKanning/openai-java,4763,https://github.com/TheoKanning/openai-java.git,2020-09-15T02:58:52Z
zq2599/blog_demos,4760,https://github.com/zq2599/blog_demos.git,2017-04-09T04:51:56Z
saiwu-bigkoo/Android-ConvenientBanner,4757,https://github.com/saiwu-bigkoo/Android-ConvenientBanner.git,2014-12-23T06:12:33Z
dromara/dynamic-tp,4753,https://github.com/dromara/dynamic-tp.git,2022-01-07T16:35:27Z
nisrulz/android-tips-tricks,4752,https://github.com/nisrulz/android-tips-tricks.git,2016-08-25T20:27:33Z
zlt2000/microservices-platform,4748,https://github.com/zlt2000/microservices-platform.git,2019-03-07T07:13:37Z
kyleduo/SwitchButton,4746,https://github.com/kyleduo/SwitchButton.git,2014-09-09T07:20:43Z
grobidOrg/grobid,4739,https://github.com/grobidOrg/grobid.git,2012-09-13T15:48:54Z
hongyangAndroid/baseAdapter,4732,https://github.com/hongyangAndroid/baseAdapter.git,2015-08-03T02:55:51Z
saysky/ForestBlog,4719,https://github.com/saysky/ForestBlog.git,2017-10-08T15:27:47Z
stleary/JSON-java,4718,https://github.com/stleary/JSON-java.git,2010-12-21T17:46:09Z
google/cameraview,4713,https://github.com/google/cameraview.git,2016-08-04T05:22:14Z
spring-attic/spring-security-oauth,4700,https://github.com/spring-attic/spring-security-oauth.git,2011-07-26T18:08:49Z
cjlin1/libsvm,4695,https://github.com/cjlin1/libsvm.git,2013-09-10T14:32:07Z
hansonwang99/Spring-Boot-In-Action,4695,https://github.com/hansonwang99/Spring-Boot-In-Action.git,2019-01-28T12:56:51Z
SPLWare/esProc,4692,https://github.com/SPLWare/esProc.git,2021-11-09T15:41:25Z
charles2gan/GDA-android-reversing-Tool,4690,https://github.com/charles2gan/GDA-android-reversing-Tool.git,2017-10-31T08:18:29Z
pardom-zz/ActiveAndroid,4688,https://github.com/pardom-zz/ActiveAndroid.git,2012-11-15T18:10:45Z
bytedeco/javacpp,4687,https://github.com/bytedeco/javacpp.git,2014-04-21T12:47:21Z
jgilfelt/chuck,4686,https://github.com/jgilfelt/chuck.git,2017-02-07T23:51:39Z
981011512/--,4684,https://github.com/981011512/--.git,2020-06-18T22:47:21Z
bepass-org/oblivion,4682,https://github.com/bepass-org/oblivion.git,2024-02-08T05:50:09Z
Heeexy/SpringBoot-Shiro-Vue,4677,https://github.com/Heeexy/SpringBoot-Shiro-Vue.git,2017-11-17T18:49:06Z
karma9874/AndroRAT,4667,https://github.com/karma9874/AndroRAT.git,2020-03-22T09:31:28Z
ant-media/Ant-Media-Server,4653,https://github.com/ant-media/Ant-Media-Server.git,2017-03-01T08:21:13Z
JZ-Darkal/AndroidHttpCapture,4650,https://github.com/JZ-Darkal/AndroidHttpCapture.git,2016-10-15T19:48:00Z
discord-jda/JDA,4649,https://github.com/discord-jda/JDA.git,2015-12-12T13:57:32Z
wdullaer/MaterialDateTimePicker,4642,https://github.com/wdullaer/MaterialDateTimePicker.git,2015-01-03T19:41:03Z
rememberber/WePush,4640,https://github.com/rememberber/WePush.git,2017-06-23T09:03:36Z
CalebFenton/simplify,4638,https://github.com/CalebFenton/simplify.git,2014-01-16T05:14:02Z
chewiebug/GCViewer,4634,https://github.com/chewiebug/GCViewer.git,2011-10-23T09:01:04Z
romandanylyk/PageIndicatorView,4633,https://github.com/romandanylyk/PageIndicatorView.git,2016-08-20T19:25:32Z
zongzibinbin/MallChat,4632,https://github.com/zongzibinbin/MallChat.git,2023-03-16T15:04:35Z
gabrielemariotti/cardslib,4632,https://github.com/gabrielemariotti/cardslib.git,2013-09-20T21:57:19Z
yasserg/crawler4j,4630,https://github.com/yasserg/crawler4j.git,2011-12-31T22:49:18Z
linhaojun857/aurora,4625,https://github.com/linhaojun857/aurora.git,2022-08-19T13:39:16Z
RedSpider1/concurrent,4621,https://github.com/RedSpider1/concurrent.git,2018-11-03T13:49:36Z
h2database/h2database,4619,https://github.com/h2database/h2database.git,2015-04-10T19:09:09Z
Netflix/ribbon,4617,https://github.com/Netflix/ribbon.git,2013-01-15T01:08:04Z
apache/rocketmq-externals,4615,https://github.com/apache/rocketmq-externals.git,2017-03-14T07:00:06Z
nICEnnnnnnnLee/BilibiliDown,4602,https://github.com/nICEnnnnnnnLee/BilibiliDown.git,2019-01-23T06:56:46Z
objectbox/objectbox-java,4597,https://github.com/objectbox/objectbox-java.git,2017-01-24T10:29:48Z
SplashCodes/JAViewer,4591,https://github.com/SplashCodes/JAViewer.git,2016-05-21T08:47:10Z
hussien89aa/AndroidTutorialForBeginners,4585,https://github.com/hussien89aa/AndroidTutorialForBeginners.git,2016-09-26T16:36:28Z
puniverse/quasar,4565,https://github.com/puniverse/quasar.git,2013-03-27T14:51:24Z
chentao0707/SimplifyReader,4559,https://github.com/chentao0707/SimplifyReader.git,2015-08-17T08:22:53Z
zhanghai/Douya,4558,https://github.com/zhanghai/Douya.git,2016-02-01T13:44:19Z
javagrowing/JGrowing,4551,https://github.com/javagrowing/JGrowing.git,2019-02-26T01:55:08Z
ReChronoRain/HyperCeiler,4548,https://github.com/ReChronoRain/HyperCeiler.git,2023-10-27T17:17:42Z
tiann/epic,4543,https://github.com/tiann/epic.git,2017-05-22T02:52:44Z
go-lang-plugin-org/go-lang-idea-plugin,4540,https://github.com/go-lang-plugin-org/go-lang-idea-plugin.git,2010-08-29T08:20:01Z
danielzeller/Depth-LIB-Android-,4540,https://github.com/danielzeller/Depth-LIB-Android-.git,2016-04-27T09:37:28Z
square/sqlbrite,4537,https://github.com/square/sqlbrite.git,2015-02-19T04:38:37Z
jdamcd/android-crop,4535,https://github.com/jdamcd/android-crop.git,2014-03-13T10:24:43Z
phishman3579/java-algorithms-implementation,4532,https://github.com/phishman3579/java-algorithms-implementation.git,2013-11-20T03:30:19Z
alibaba/dexposed,4518,https://github.com/alibaba/dexposed.git,2015-06-30T02:59:16Z
jacoco/jacoco,4517,https://github.com/jacoco/jacoco.git,2012-07-08T21:45:13Z
201206030/novel-plus,4517,https://github.com/201206030/novel-plus.git,2020-05-02T07:15:43Z
IoT-Technology/IoT-Technical-Guide,4515,https://github.com/IoT-Technology/IoT-Technical-Guide.git,2019-04-02T01:52:44Z
azkaban/azkaban,4515,https://github.com/azkaban/azkaban.git,2012-10-18T01:34:53Z
castorflex/SmoothProgressBar,4514,https://github.com/castorflex/SmoothProgressBar.git,2013-11-27T20:32:16Z
Flipboard/bottomsheet,4506,https://github.com/Flipboard/bottomsheet.git,2015-04-23T17:37:32Z
Freeyourgadget/Gadgetbridge,4486,https://github.com/Freeyourgadget/Gadgetbridge.git,2015-01-05T23:19:03Z
HotBitmapGG/bilibili-android-client,4486,https://github.com/HotBitmapGG/bilibili-android-client.git,2016-06-01T04:36:01Z
JakeWharton/NineOldAndroids,4472,https://github.com/JakeWharton/NineOldAndroids.git,2011-12-08T19:46:37Z
water8394/flink-recommandSystem-demo,4472,https://github.com/water8394/flink-recommandSystem-demo.git,2019-05-15T07:55:35Z
Meituan-Dianping/Robust,4468,https://github.com/Meituan-Dianping/Robust.git,2017-03-14T10:14:50Z
flutter-webrtc/flutter-webrtc,4454,https://github.com/flutter-webrtc/flutter-webrtc.git,2018-03-07T02:26:03Z
s4kibs4mi/java-developer-roadmap,4454,https://github.com/s4kibs4mi/java-developer-roadmap.git,2019-04-23T06:42:13Z
apache/shiro,4439,https://github.com/apache/shiro.git,2009-08-29T08:00:17Z
janishar/android-mvp-architecture,4434,https://github.com/janishar/android-mvp-architecture.git,2017-01-27T08:39:06Z
dreamhead/moco,4432,https://github.com/dreamhead/moco.git,2012-10-18T09:09:51Z
square/android-times-square,4427,https://github.com/square/android-times-square.git,2013-01-30T20:28:27Z
Tencent/GT,4415,https://github.com/Tencent/GT.git,2016-01-13T10:29:55Z
ThirtyDegreesRay/OpenHub,4397,https://github.com/ThirtyDegreesRay/OpenHub.git,2017-07-11T13:29:51Z
Snailclimb/guide-rpc-framework,4395,https://github.com/Snailclimb/guide-rpc-framework.git,2020-05-10T13:24:42Z
robinhood/ticker,4383,https://github.com/robinhood/ticker.git,2016-07-15T21:37:52Z
crate/crate,4375,https://github.com/crate/crate.git,2013-04-10T09:17:16Z
Querz/mcaselector,4364,https://github.com/Querz/mcaselector.git,2018-04-22T22:23:26Z
pytorch/serve,4360,https://github.com/pytorch/serve.git,2019-10-03T03:17:43Z
Ashok-Varma/BottomNavigation,4359,https://github.com/Ashok-Varma/BottomNavigation.git,2016-03-19T19:19:30Z
awangdev/leet-code,4358,https://github.com/awangdev/leet-code.git,2015-04-25T19:14:09Z
eirslett/frontend-maven-plugin,4350,https://github.com/eirslett/frontend-maven-plugin.git,2013-08-30T14:44:38Z
mywalkb/LSPosed_mod,4341,https://github.com/mywalkb/LSPosed_mod.git,2022-03-28T08:05:38Z
AsamK/signal-cli,4339,https://github.com/AsamK/signal-cli.git,2015-05-11T10:49:42Z
iterate-ch/cyberduck,4337,https://github.com/iterate-ch/cyberduck.git,2017-01-20T14:16:34Z
BoCloud/folib,4325,https://github.com/BoCloud/folib.git,2025-07-09T06:22:58Z
dragonwell-project/dragonwell8,4321,https://github.com/dragonwell-project/dragonwell8.git,2019-03-07T02:57:45Z
jitsi/jitsi,4320,https://github.com/jitsi/jitsi.git,2013-04-24T17:37:20Z
jlegewie/zotfile,4319,https://github.com/jlegewie/zotfile.git,2011-12-30T14:47:42Z
jeasonlzy/ImagePicker,4311,https://github.com/jeasonlzy/ImagePicker.git,2016-01-27T17:05:03Z
google/open-location-code,4309,https://github.com/google/open-location-code.git,2014-09-30T18:26:35Z
torakiki/pdfsam,4307,https://github.com/torakiki/pdfsam.git,2013-09-24T11:06:13Z
failsafe-lib/failsafe,4307,https://github.com/failsafe-lib/failsafe.git,2015-06-30T00:56:39Z
bingoogolapple/BGARefreshLayout-Android,4304,https://github.com/bingoogolapple/BGARefreshLayout-Android.git,2015-05-28T16:17:00Z
geoserver/geoserver,4302,https://github.com/geoserver/geoserver.git,2011-11-10T19:56:06Z
apache/streampark,4300,https://github.com/apache/streampark.git,2019-05-27T05:56:03Z
JabRef/jabref,4294,https://github.com/JabRef/jabref.git,2014-03-11T14:48:42Z
brianway/java-learning,4290,https://github.com/brianway/java-learning.git,2016-02-09T05:20:58Z
apache/fory,4287,https://github.com/apache/fory.git,2023-04-28T03:57:00Z
alibaba/fastjson2,4285,https://github.com/alibaba/fastjson2.git,2022-04-17T04:27:24Z
bjmashibing/InternetArchitect,4281,https://github.com/bjmashibing/InternetArchitect.git,2019-10-19T16:32:01Z
mcxiaoke/android-volley,4272,https://github.com/mcxiaoke/android-volley.git,2013-05-21T05:35:26Z
camunda/camunda-bpm-platform,4268,https://github.com/camunda/camunda-bpm-platform.git,2013-01-03T10:10:31Z
ongakuer/CircleIndicator,4266,https://github.com/ongakuer/CircleIndicator.git,2014-07-30T14:02:56Z
grantland/android-autofittextview,4263,https://github.com/grantland/android-autofittextview.git,2011-02-14T06:00:52Z
aporter/coursera-android,4256,https://github.com/aporter/coursera-android.git,2014-01-05T09:55:31Z
M66B/FairEmail,4255,https://github.com/M66B/FairEmail.git,2018-08-02T13:30:25Z
microsoft/malmo,4253,https://github.com/microsoft/malmo.git,2016-05-17T14:58:40Z
mybatis/spring-boot-starter,4249,https://github.com/mybatis/spring-boot-starter.git,2015-09-25T13:05:15Z
dromara/hmily,4248,https://github.com/dromara/hmily.git,2017-09-28T06:29:01Z
nining377/dolby_beta,4247,https://github.com/nining377/dolby_beta.git,2020-05-19T12:13:36Z
zendesk/maxwell,4239,https://github.com/zendesk/maxwell.git,2015-02-09T22:06:13Z
jboss-javassist/javassist,4230,https://github.com/jboss-javassist/javassist.git,2013-05-24T08:31:32Z
LibrePDF/OpenPDF,4217,https://github.com/LibrePDF/OpenPDF.git,2016-07-11T15:50:34Z
JetBrains/fernflower,4214,https://github.com/JetBrains/fernflower.git,2014-10-03T05:00:15Z
ChadCSong/ShineButton,4202,https://github.com/ChadCSong/ShineButton.git,2016-07-05T06:32:26Z
aws/aws-sdk-java,4198,https://github.com/aws/aws-sdk-java.git,2010-03-22T23:34:58Z
yhaolpz/FloatWindow,4198,https://github.com/yhaolpz/FloatWindow.git,2017-11-14T14:33:55Z
powermock/powermock,4188,https://github.com/powermock/powermock.git,2014-05-28T07:53:53Z
Jacksgong/JKeyboardPanelSwitch,4184,https://github.com/Jacksgong/JKeyboardPanelSwitch.git,2015-07-01T17:42:01Z
syncthing/syncthing-android,4183,https://github.com/syncthing/syncthing-android.git,2014-02-22T17:15:19Z
hugeterry/CoordinatorTabLayout,4183,https://github.com/hugeterry/CoordinatorTabLayout.git,2017-01-27T13:40:28Z
oddfar/campus-imaotai,4183,https://github.com/oddfar/campus-imaotai.git,2023-07-07T10:37:13Z
codingapi/tx-lcn,4182,https://github.com/codingapi/tx-lcn.git,2017-11-11T03:34:34Z
jMonkeyEngine/jmonkeyengine,4176,https://github.com/jMonkeyEngine/jmonkeyengine.git,2014-03-20T22:29:28Z
jishenghua/jshERP,4171,https://github.com/jishenghua/jshERP.git,2016-09-20T04:51:39Z
bingoogolapple/BGABanner-Android,4167,https://github.com/bingoogolapple/BGABanner-Android.git,2014-10-25T17:15:18Z
googlesamples/mlkit,4162,https://github.com/googlesamples/mlkit.git,2020-05-28T21:40:38Z
pedrovgs/AndroidWiFiADB,4158,https://github.com/pedrovgs/AndroidWiFiADB.git,2015-10-18T21:58:45Z
lilishop/lilishop,4136,https://github.com/lilishop/lilishop.git,2021-05-14T01:28:51Z
JFormDesigner/FlatLaf,4130,https://github.com/JFormDesigner/FlatLaf.git,2019-08-19T10:27:05Z
pqpo/SmartCropper,4126,https://github.com/pqpo/SmartCropper.git,2017-08-03T11:08:41Z
lukas-krecan/ShedLock,4121,https://github.com/lukas-krecan/ShedLock.git,2016-12-11T13:53:59Z
gh0stkey/HaE,4117,https://github.com/gh0stkey/HaE.git,2020-03-24T10:12:50Z
bitcoin-wallet/bitcoin-wallet,4112,https://github.com/bitcoin-wallet/bitcoin-wallet.git,2012-03-31T17:06:47Z
dinuscxj/LoadingDrawable,4106,https://github.com/dinuscxj/LoadingDrawable.git,2016-04-16T07:33:57Z
DTStack/chunjun,4105,https://github.com/DTStack/chunjun.git,2018-04-03T12:44:58Z
alibaba/Tangram-Android,4103,https://github.com/alibaba/Tangram-Android.git,2017-03-29T13:29:57Z
code4craft/tiny-spring,4088,https://github.com/code4craft/tiny-spring.git,2014-01-10T16:37:57Z
qunarcorp/bistoury,4087,https://github.com/qunarcorp/bistoury.git,2019-08-01T07:54:25Z
Manabu-GT/ExpandableTextView,4077,https://github.com/Manabu-GT/ExpandableTextView.git,2014-05-17T19:40:15Z
oblac/jodd,4075,https://github.com/oblac/jodd.git,2012-09-07T20:26:48Z
orhanobut/hawk,4072,https://github.com/orhanobut/hawk.git,2015-02-19T22:25:23Z
rubensousa/ViewPagerCards,4069,https://github.com/rubensousa/ViewPagerCards.git,2016-08-20T15:24:12Z
jetty/jetty.project,4068,https://github.com/jetty/jetty.project.git,2011-07-14T01:11:57Z
RipMeApp/ripme,4062,https://github.com/RipMeApp/ripme.git,2017-01-06T17:12:09Z
camunda/camunda,4055,https://github.com/camunda/camunda.git,2016-03-20T03:38:04Z
knowm/XChange,4050,https://github.com/knowm/XChange.git,2012-02-02T10:48:28Z
tronprotocol/java-tron,4047,https://github.com/tronprotocol/java-tron.git,2017-12-26T10:20:38Z
luckybilly/CC,4046,https://github.com/luckybilly/CC.git,2017-11-23T16:26:33Z
Creators-of-Create/Create,4036,https://github.com/Creators-of-Create/Create.git,2019-07-18T08:27:10Z
uber/NullAway,4023,https://github.com/uber/NullAway.git,2017-09-01T17:35:57Z
freeplane/freeplane,4021,https://github.com/freeplane/freeplane.git,2012-09-13T08:55:51Z
xcltapestry/XCL-Charts,4021,https://github.com/xcltapestry/XCL-Charts.git,2014-06-09T15:44:50Z
oldmanpushcart/greys-anatomy,4019,https://github.com/oldmanpushcart/greys-anatomy.git,2012-11-21T19:39:35Z
BoltsFramework/Bolts-Android,4019,https://github.com/BoltsFramework/Bolts-Android.git,2014-01-30T04:58:14Z
jbloch/effective-java-3e-source-code,4015,https://github.com/jbloch/effective-java-3e-source-code.git,2018-08-03T20:48:35Z
awaitility/awaitility,4001,https://github.com/awaitility/awaitility.git,2010-01-22T15:12:52Z
makovkastar/FloatingActionButton,3998,https://github.com/makovkastar/FloatingActionButton.git,2014-07-22T13:29:55Z
NotFound9/interviewGuide,3995,https://github.com/NotFound9/interviewGuide.git,2016-04-20T07:17:09Z
Yalantis/Phoenix,3991,https://github.com/Yalantis/Phoenix.git,2015-01-12T14:11:20Z
lcodecorex/TwinklingRefreshLayout,3990,https://github.com/lcodecorex/TwinklingRefreshLayout.git,2016-03-02T12:11:56Z
JeremyLiao/LiveEventBus,3987,https://github.com/JeremyLiao/LiveEventBus.git,2018-07-11T07:36:59Z
Piasy/BigImageViewer,3987,https://github.com/Piasy/BigImageViewer.git,2016-11-06T09:55:02Z
fishercoder1534/Leetcode,3981,https://github.com/fishercoder1534/Leetcode.git,2016-07-31T05:28:15Z
pingfangushi/screw,3976,https://github.com/pingfangushi/screw.git,2020-06-21T11:37:06Z
qstumn/BadgeView,3972,https://github.com/qstumn/BadgeView.git,2017-02-08T02:01:39Z
mercyblitz/tech-weekly,3971,https://github.com/mercyblitz/tech-weekly.git,2018-12-03T03:10:52Z
rovo89/XposedInstaller,3971,https://github.com/rovo89/XposedInstaller.git,2012-04-02T20:33:05Z
mouredev/hello-java,3967,https://github.com/mouredev/hello-java.git,2025-03-25T11:15:12Z
zzhoujay/RichText,3963,https://github.com/zzhoujay/RichText.git,2015-07-21T09:36:01Z
Dimezis/BlurView,3963,https://github.com/Dimezis/BlurView.git,2016-04-21T16:00:07Z
google/bundletool,3962,https://github.com/google/bundletool.git,2018-05-04T07:24:09Z
shuzijun/leetcode-editor,3960,https://github.com/shuzijun/leetcode-editor.git,2019-03-19T16:32:17Z
kubernetes-client/java,3955,https://github.com/kubernetes-client/java.git,2017-05-08T21:52:58Z
binIoter/GuideView,3954,https://github.com/binIoter/GuideView.git,2016-06-19T08:52:25Z
linyiqun/DataMiningAlgorithm,3951,https://github.com/linyiqun/DataMiningAlgorithm.git,2015-01-11T02:50:28Z
promeG/TinyPinyin,3938,https://github.com/promeG/TinyPinyin.git,2015-09-30T03:24:50Z
JoanZapata/android-iconify,3932,https://github.com/JoanZapata/android-iconify.git,2013-06-12T11:42:01Z
rengwuxian/RxJavaSamples,3924,https://github.com/rengwuxian/RxJavaSamples.git,2016-03-24T13:08:10Z
sofastack/sofa-rpc,3923,https://github.com/sofastack/sofa-rpc.git,2018-04-09T03:32:04Z
VaughnVernon/IDDD_Samples,3921,https://github.com/VaughnVernon/IDDD_Samples.git,2013-04-08T22:12:57Z
amirzaidi/Launcher3,3907,https://github.com/amirzaidi/Launcher3.git,2017-05-30T12:53:32Z
bluelinelabs/Conductor,3901,https://github.com/bluelinelabs/Conductor.git,2016-03-16T18:42:41Z
databricks/learning-spark,3900,https://github.com/databricks/learning-spark.git,2014-06-16T04:47:54Z
shopizer-ecommerce/shopizer,3900,https://github.com/shopizer-ecommerce/shopizer.git,2012-11-21T03:42:39Z
JavaNoober/BackgroundLibrary,3895,https://github.com/JavaNoober/BackgroundLibrary.git,2018-09-09T08:52:45Z
Exrick/xboot,3892,https://github.com/Exrick/xboot.git,2018-04-23T14:44:18Z
alibaba/jstorm,3885,https://github.com/alibaba/jstorm.git,2013-09-03T03:53:16Z
vipulasri/Timeline-View,3882,https://github.com/vipulasri/Timeline-View.git,2015-12-15T14:55:04Z
wendux/DSBridge-Android,3880,https://github.com/wendux/DSBridge-Android.git,2017-01-02T11:58:53Z
react-native-share/react-native-share,3877,https://github.com/react-native-share/react-native-share.git,2015-09-30T02:27:34Z
ZHENFENG13/My-Blog,3877,https://github.com/ZHENFENG13/My-Blog.git,2019-03-04T09:17:00Z
RikkaApps/Sui,3868,https://github.com/RikkaApps/Sui.git,2021-01-03T08:26:16Z
watabou/pixel-dungeon,3860,https://github.com/watabou/pixel-dungeon.git,2014-07-26T17:34:32Z
timehop/sticky-headers-recyclerview,3856,https://github.com/timehop/sticky-headers-recyclerview.git,2014-10-03T01:57:46Z
yacy/yacy_search_server,3854,https://github.com/yacy/yacy_search_server.git,2015-03-22T12:54:20Z
emanuele-f/PCAPdroid,3854,https://github.com/emanuele-f/PCAPdroid.git,2020-01-06T18:11:27Z
yanzhenjie/AndServer,3853,https://github.com/yanzhenjie/AndServer.git,2016-06-14T00:52:52Z
uncle-novel/uncle-novel,3847,https://github.com/uncle-novel/uncle-novel.git,2018-12-11T12:15:30Z
MovingBlocks/Terasology,3845,https://github.com/MovingBlocks/Terasology.git,2011-03-04T03:49:19Z
RoaringBitmap/RoaringBitmap,3845,https://github.com/RoaringBitmap/RoaringBitmap.git,2013-06-17T20:29:23Z
spotbugs/spotbugs,3841,https://github.com/spotbugs/spotbugs.git,2016-11-04T22:18:08Z
MiguelCatalan/MaterialSearchView,3828,https://github.com/MiguelCatalan/MaterialSearchView.git,2015-09-14T17:13:46Z
aurelhubert/ahbottomnavigation,3825,https://github.com/aurelhubert/ahbottomnavigation.git,2016-03-17T12:17:56Z
happydog-intj/CircleProgress,3816,https://github.com/happydog-intj/CircleProgress.git,2014-10-30T16:14:42Z
JCTools/JCTools,3810,https://github.com/JCTools/JCTools.git,2013-11-10T18:04:40Z
sofastack/sofa-jraft,3800,https://github.com/sofastack/sofa-jraft.git,2019-03-04T10:13:43Z
blossom-editor/blossom,3795,https://github.com/blossom-editor/blossom.git,2023-08-07T03:02:17Z
sunfusheng/MarqueeView,3790,https://github.com/sunfusheng/MarqueeView.git,2016-06-01T06:50:46Z
mcxtzhang/SwipeDelMenuLayout,3788,https://github.com/mcxtzhang/SwipeDelMenuLayout.git,2016-08-25T08:10:45Z
yanzhenjie/NoHttp,3786,https://github.com/yanzhenjie/NoHttp.git,2015-07-29T06:11:12Z
tchiotludo/akhq,3783,https://github.com/tchiotludo/akhq.git,2018-09-09T19:35:39Z
rbmonster/learning-note,3783,https://github.com/rbmonster/learning-note.git,2020-06-15T16:47:25Z
zhpanvip/BannerViewPager,3778,https://github.com/zhpanvip/BannerViewPager.git,2017-03-28T09:11:11Z
mpusher/mpush,3774,https://github.com/mpusher/mpush.git,2016-04-28T01:43:19Z
NotHarshhaa/DevOps-Projects,3770,https://github.com/NotHarshhaa/DevOps-Projects.git,2023-08-09T04:19:38Z
apache/kylin,3766,https://github.com/apache/kylin.git,2015-01-03T08:00:05Z
lygttpod/SuperTextView,3765,https://github.com/lygttpod/SuperTextView.git,2016-10-19T04:06:54Z
CameraKit/blurkit-android,3763,https://github.com/CameraKit/blurkit-android.git,2016-11-06T03:14:58Z
Ereza/CustomActivityOnCrash,3762,https://github.com/Ereza/CustomActivityOnCrash.git,2014-07-04T19:46:21Z
helidon-io/helidon,3759,https://github.com/helidon-io/helidon.git,2018-08-27T11:03:52Z
undertow-io/undertow,3746,https://github.com/undertow-io/undertow.git,2012-07-19T00:52:44Z
Atmosphere/atmosphere,3746,https://github.com/Atmosphere/atmosphere.git,2010-06-30T14:26:23Z
jtablesaw/tablesaw,3745,https://github.com/jtablesaw/tablesaw.git,2016-01-01T14:58:28Z
roboguice/roboguice,3744,https://github.com/roboguice/roboguice.git,2012-08-12T20:37:19Z
Netflix/maestro,3742,https://github.com/Netflix/maestro.git,2024-04-17T01:15:56Z
FCL-Team/FoldCraftLauncher,3737,https://github.com/FCL-Team/FoldCraftLauncher.git,2022-10-19T10:12:18Z
portfolio-performance/portfolio,3732,https://github.com/portfolio-performance/portfolio.git,2012-03-24T09:43:08Z
lihangleo2/ShadowLayout,3731,https://github.com/lihangleo2/ShadowLayout.git,2019-07-09T07:17:06Z
andOTP/andOTP,3730,https://github.com/andOTP/andOTP.git,2017-07-05T11:39:52Z
coderbruis/JavaSourceCodeLearning,3730,https://github.com/coderbruis/JavaSourceCodeLearning.git,2020-06-02T13:34:20Z
ethanhua/Skeleton,3724,https://github.com/ethanhua/Skeleton.git,2017-07-30T06:42:39Z
stfalcon-studio/ChatKit,3722,https://github.com/stfalcon-studio/ChatKit.git,2017-02-02T09:37:15Z
HelloWorld521/Java,3714,https://github.com/HelloWorld521/Java.git,2016-12-08T14:01:46Z
willowtreeapps/spruce-android,3712,https://github.com/willowtreeapps/spruce-android.git,2017-02-23T20:34:18Z
DataLinkDC/dinky,3712,https://github.com/DataLinkDC/dinky.git,2021-06-09T07:11:26Z
liuyubobobo/Play-with-Algorithms,3710,https://github.com/liuyubobobo/Play-with-Algorithms.git,2016-07-05T18:16:22Z
grpc-ecosystem/grpc-spring,3706,https://github.com/grpc-ecosystem/grpc-spring.git,2016-12-30T09:06:15Z
OpenHFT/Chronicle-Queue,3706,https://github.com/OpenHFT/Chronicle-Queue.git,2013-06-02T15:11:33Z
ByteLegend/ByteLegend,3706,https://github.com/ByteLegend/ByteLegend.git,2021-02-01T10:11:30Z
ryanhoo/StylishMusicPlayer,3700,https://github.com/ryanhoo/StylishMusicPlayer.git,2016-09-13T14:38:32Z
dromara/liteflow,3698,https://github.com/dromara/liteflow.git,2020-03-25T16:49:22Z
dingjikerbo/Android-BluetoothKit,3695,https://github.com/dingjikerbo/Android-BluetoothKit.git,2015-10-08T09:07:33Z
FasterXML/jackson-databind,3693,https://github.com/FasterXML/jackson-databind.git,2011-12-23T07:17:41Z
IrisShaders/Iris,3692,https://github.com/IrisShaders/Iris.git,2020-10-22T20:21:12Z
microservices-patterns/ftgo-application,3690,https://github.com/microservices-patterns/ftgo-application.git,2017-10-23T04:30:04Z
springdoc/springdoc-openapi,3688,https://github.com/springdoc/springdoc-openapi.git,2019-07-11T23:08:20Z
DependencyTrack/dependency-track,3688,https://github.com/DependencyTrack/dependency-track.git,2013-07-16T19:16:43Z
apache/incubator-heron,3687,https://github.com/apache/incubator-heron.git,2015-09-25T16:09:24Z
1024-lab/smart-admin,3687,https://github.com/1024-lab/smart-admin.git,2019-11-16T02:30:31Z
Mojang/brigadier,3680,https://github.com/Mojang/brigadier.git,2014-09-15T08:48:24Z
linkedin/databus,3678,https://github.com/linkedin/databus.git,2012-12-17T17:49:17Z
networknt/light-4j,3677,https://github.com/networknt/light-4j.git,2016-09-09T22:28:14Z
Haleydu/Cimoc,3675,https://github.com/Haleydu/Cimoc.git,2020-07-09T03:09:02Z
lisawray/groupie,3668,https://github.com/lisawray/groupie.git,2016-09-01T20:59:35Z
yangfuhai/ASimpleCache,3666,https://github.com/yangfuhai/ASimpleCache.git,2013-07-28T13:50:59Z
mbechler/marshalsec,3665,https://github.com/mbechler/marshalsec.git,2017-05-22T11:43:57Z
google/rejoiner,3664,https://github.com/google/rejoiner.git,2017-12-06T19:09:53Z
spring-io/initializr,3659,https://github.com/spring-io/initializr.git,2013-06-07T16:02:22Z
KunMinX/Linkage-RecyclerView,3659,https://github.com/KunMinX/Linkage-RecyclerView.git,2019-04-22T04:39:46Z
dropbox/hackpad,3659,https://github.com/dropbox/hackpad.git,2015-08-14T02:32:17Z
anggrayudi/android-hidden-api,3658,https://github.com/anggrayudi/android-hidden-api.git,2015-09-16T11:58:33Z
apache/tika,3657,https://github.com/apache/tika.git,2009-05-21T02:12:11Z
fyhertz/libstreaming,3656,https://github.com/fyhertz/libstreaming.git,2013-01-30T21:24:47Z
huburt-Hu/NewbieGuide,3645,https://github.com/huburt-Hu/NewbieGuide.git,2017-07-28T06:54:05Z
TNG/ArchUnit,3639,https://github.com/TNG/ArchUnit.git,2017-04-21T08:39:20Z
fabric8io/kubernetes-client,3637,https://github.com/fabric8io/kubernetes-client.git,2015-07-09T15:43:13Z
litesuits/android-common,3630,https://github.com/litesuits/android-common.git,2014-05-29T08:08:00Z
spockframework/spock,3625,https://github.com/spockframework/spock.git,2010-12-12T19:02:34Z
alibaba/Alink,3620,https://github.com/alibaba/Alink.git,2018-09-30T06:36:11Z
PlexPt/chatgpt-java,3619,https://github.com/PlexPt/chatgpt-java.git,2022-12-07T04:55:33Z
dtinit/data-transfer-project,3610,https://github.com/dtinit/data-transfer-project.git,2018-01-04T21:27:57Z
rockerhieu/emojicon,3608,https://github.com/rockerhieu/emojicon.git,2014-01-18T12:32:38Z
hmkcode/Android,3605,https://github.com/hmkcode/Android.git,2013-09-02T16:12:28Z
googlemaps/android-maps-utils,3601,https://github.com/googlemaps/android-maps-utils.git,2013-05-17T00:08:48Z
oasisfeng/island,3600,https://github.com/oasisfeng/island.git,2016-04-23T11:30:18Z
termux/termux-api,3593,https://github.com/termux/termux-api.git,2015-07-03T00:57:59Z
cSploit/android,3592,https://github.com/cSploit/android.git,2014-10-04T05:53:29Z
Nekogram/Nekogram,3591,https://github.com/Nekogram/Nekogram.git,2023-09-10T07:07:51Z
apache/logging-log4j2,3587,https://github.com/apache/logging-log4j2.git,2013-06-12T07:00:19Z
tyrantgit/ExplosionField,3586,https://github.com/tyrantgit/ExplosionField.git,2015-09-23T11:34:50Z
vert-x3/vertx-examples,3584,https://github.com/vert-x3/vertx-examples.git,2015-02-24T17:42:44Z
WVector/AppUpdate,3582,https://github.com/WVector/AppUpdate.git,2017-06-19T09:38:42Z
kikoso/android-stackblur,3582,https://github.com/kikoso/android-stackblur.git,2013-08-15T14:44:32Z
davideas/FlexibleAdapter,3571,https://github.com/davideas/FlexibleAdapter.git,2015-05-02T22:00:43Z
AxonFramework/AxonFramework,3570,https://github.com/AxonFramework/AxonFramework.git,2011-12-02T16:04:42Z
dongjunkun/DropDownMenu,3567,https://github.com/dongjunkun/DropDownMenu.git,2015-06-23T07:43:56Z
LinShunKang/MyPerf4J,3566,https://github.com/LinShunKang/MyPerf4J.git,2018-03-11T09:58:44Z
JakeWharton/ThreeTenABP,3558,https://github.com/JakeWharton/ThreeTenABP.git,2015-07-03T17:35:09Z
code4craft/netty-learning,3554,https://github.com/code4craft/netty-learning.git,2013-09-19T02:24:25Z
bilibili/MagicaSakura,3552,https://github.com/bilibili/MagicaSakura.git,2016-06-23T07:54:59Z
immutables/immutables,3548,https://github.com/immutables/immutables.git,2013-07-07T13:48:23Z
dariuszseweryn/RxAndroidBle,3547,https://github.com/dariuszseweryn/RxAndroidBle.git,2016-02-04T13:42:02Z
Netflix/concurrency-limits,3545,https://github.com/Netflix/concurrency-limits.git,2017-12-11T19:32:41Z
johncarl81/parceler,3538,https://github.com/johncarl81/parceler.git,2013-07-03T02:53:01Z
arimorty/floatingsearchview,3534,https://github.com/arimorty/floatingsearchview.git,2015-11-22T02:38:32Z
spring-cloud/spring-cloud-kubernetes,3532,https://github.com/spring-cloud/spring-cloud-kubernetes.git,2016-12-13T21:36:25Z
M66B/NetGuard,3531,https://github.com/M66B/NetGuard.git,2015-10-24T17:59:20Z
Guardsquare/proguard,3530,https://github.com/Guardsquare/proguard.git,2019-03-27T16:35:35Z
luontola/retrolambda,3527,https://github.com/luontola/retrolambda.git,2013-07-20T07:25:22Z
andremion/Music-Player,3523,https://github.com/andremion/Music-Player.git,2016-05-06T21:55:37Z
rom1v/sndcpy,3518,https://github.com/rom1v/sndcpy.git,2020-06-09T19:36:57Z
lenve/JavaEETest,3515,https://github.com/lenve/JavaEETest.git,2016-12-13T02:13:58Z
eclipse-openj9/openj9,3509,https://github.com/eclipse-openj9/openj9.git,2017-08-25T13:46:07Z
nageoffer/12306,3508,https://github.com/nageoffer/12306.git,2023-05-30T04:08:28Z
lsjwzh/RecyclerViewPager,3506,https://github.com/lsjwzh/RecyclerViewPager.git,2015-01-17T18:30:34Z
Aefyr/SAI,3504,https://github.com/Aefyr/SAI.git,2018-12-14T19:22:27Z
nytimes/Store,3503,https://github.com/nytimes/Store.git,2016-11-29T20:17:11Z
baoyongzhang/SwipeMenuListView,3501,https://github.com/baoyongzhang/SwipeMenuListView.git,2014-08-24T15:40:45Z
codeestX/GeekNews,3500,https://github.com/codeestX/GeekNews.git,2016-08-07T14:56:56Z
apache/incubator-kie-optaplanner,3490,https://github.com/apache/incubator-kie-optaplanner.git,2011-02-15T19:38:23Z
KingJA/LoadSir,3486,https://github.com/KingJA/LoadSir.git,2017-09-02T08:32:15Z
Athou/commafeed,3485,https://github.com/Athou/commafeed.git,2013-03-20T19:32:09Z
getActivity/Toaster,3480,https://github.com/getActivity/Toaster.git,2018-09-16T05:28:57Z
phodal/migration,3477,https://github.com/phodal/migration.git,2020-01-08T02:11:38Z
ittianyu/BottomNavigationViewEx,3474,https://github.com/ittianyu/BottomNavigationViewEx.git,2016-11-12T08:39:38Z
WinterChenS/my-site,3474,https://github.com/WinterChenS/my-site.git,2018-05-03T09:05:37Z
